Title,Url Id,Full Url,Categories,Tags,Image,Publish On
"Camera Courses For Beginners - Week 3 of 3 - Coventry 21-6","camera-courses-for-beginners-coventry-3yj3h",https://www.alanranger.com/beginners-photography-lessons/camera-courses-for-beginners-coventry-3yj3h,"beginners-courses;beginners-photography;courses-near-me;location-coventry","camera-settings;composition;exposure;photo-critiques;dslr-settings;Week 2","https://images.squarespace-cdn.com/content/v1/5013f4b2c4aaa4752ac69b17/1629536412755-A3NEF7ZNBOQ1044I8WVM/beginners-photography-courses.jpg","2025-03-27"
"Camera Courses For Beginners - Week 2 of 3 - Coventry 14-6","camera-courses-for-beginners-coventry-dfe",https://www.alanranger.com/beginners-photography-lessons/camera-courses-for-beginners-coventry-dfe,"beginners-courses;beginners-photography;courses-near-me;location-coventry","camera-settings;composition;exposure;photo-critiques;dslr-settings;Week 2","https://images.squarespace-cdn.com/content/v1/5013f4b2c4aaa4752ac69b17/1629536412755-A3NEF7ZNBOQ1044I8WVM/beginners-photography-courses.jpg","2024-07-02"
"Camera Courses For Beginners - Week 1 of 3 - Coventry 7-6","camera-courses-for-beginners-coventry-w5nkt",https://www.alanranger.com/beginners-photography-lessons/camera-courses-for-beginners-coventry-w5nkt,"beginners-courses;beginners-photography;courses-near-me;enrol-date;location-coventry","camera-settings;composition;exposure;photo-critiques;dslr-settings;Week-1","https://images.squarespace-cdn.com/content/v1/5013f4b2c4aaa4752ac69b17/1629536412755-A3NEF7ZNBOQ1044I8WVM/beginners-photography-courses.jpg","2025-03-31"
"Camera Courses For Beginners - Week 3 of 3 - Coventry 26-5","camera-courses-for-beginners-coventry-nzwzx",https://www.alanranger.com/beginners-photography-lessons/camera-courses-for-beginners-coventry-nzwzx,"beginners-courses;beginners-photography;courses-near-me;location-coventry","camera-settings;composition;exposure;photo-critiques;dslr-settings","https://images.squarespace-cdn.com/content/v1/5013f4b2c4aaa4752ac69b17/1629536412755-A3NEF7ZNBOQ1044I8WVM/beginners-photography-courses.jpg","2025-03-31"
"Lightroom Classic Photo Editing Classes - Week 3 of 3 - 20-5","lightroom-photo-editing-classes-wk3-9b3t3",https://www.alanranger.com/beginners-photography-lessons/lightroom-photo-editing-classes-wk3-9b3t3,"beginners-lightroom;courses-near-me;location-coventry","collections;composition;exporting;exposure;lightroom;photo-critiques;photo-editing;photoshop","https://images.squarespace-cdn.com/content/v1/5013f4b2c4aaa4752ac69b17/1675589565448-JHL9406XQ7598QHPOLW5/-LIGHTROOM+COURSE+BLACK.png","2024-05-06"
"Camera Courses For Beginners - Week 2 of 3 - Coventry 19-5","camera-courses-for-beginners-coventry-dhecf",https://www.alanranger.com/beginners-photography-lessons/camera-courses-for-beginners-coventry-dhecf,"beginners-courses;beginners-photography;courses-near-me;location-coventry","camera-settings;composition;exposure;photo-critiques;dslr-settings;Week 2","https://images.squarespace-cdn.com/content/v1/5013f4b2c4aaa4752ac69b17/1629536412755-A3NEF7ZNBOQ1044I8WVM/beginners-photography-courses.jpg","2025-03-31"
"Lightroom Classic Photo Editing Classes - Week 2 of 3 - 13-5","lightroom-photo-editing-classes-wk2-y3262",https://www.alanranger.com/beginners-photography-lessons/lightroom-photo-editing-classes-wk2-y3262,"beginners-lightroom;courses-near-me;location-coventry","collections;composition;exporting;exposure;lightroom;photo-critiques;photo-editing;photoshop","https://images.squarespace-cdn.com/content/v1/5013f4b2c4aaa4752ac69b17/1675589565448-JHL9406XQ7598QHPOLW5/-LIGHTROOM+COURSE+BLACK.png","2024-05-06"
"Camera Courses For Beginners - Week 1 of 3 - Coventry 12-5","camera-courses-for-beginners-coventry-8ar5x",https://www.alanranger.com/beginners-photography-lessons/camera-courses-for-beginners-coventry-8ar5x,"beginners-courses;beginners-photography;courses-near-me;enrol-date;location-coventry","camera-settings;composition;exposure;photo-critiques;dslr-settings;Week-1","https://images.squarespace-cdn.com/content/v1/5013f4b2c4aaa4752ac69b17/1629536412755-A3NEF7ZNBOQ1044I8WVM/beginners-photography-courses.jpg","2025-03-27"
"Lightroom Classic Photo Editing Classes - Week 1 of 3 - 6-5","lightroom-photo-editing-classes-wk1-rrkhn",https://www.alanranger.com/beginners-photography-lessons/lightroom-photo-editing-classes-wk1-rrkhn,"beginners-lightroom;courses-near-me;enrol-date;location-coventry","collections;composition;exporting;exposure;lightroom;photo-critiques;photo-editing;photoshop;Week-1","https://images.squarespace-cdn.com/content/v1/5013f4b2c4aaa4752ac69b17/1675589565448-JHL9406XQ7598QHPOLW5/-LIGHTROOM+COURSE+BLACK.png","2024-05-06"
"Camera Courses For Beginners - Week 3 of 3 - Coventry 15-4","camera-courses-for-beginners-coventry-be4sb",https://www.alanranger.com/beginners-photography-lessons/camera-courses-for-beginners-coventry-be4sb,"beginners-courses;beginners-photography;courses-near-me;location-coventry","camera-settings;composition;exposure;photo-critiques;dslr-settings","https://images.squarespace-cdn.com/content/v1/5013f4b2c4aaa4752ac69b17/1629536412755-A3NEF7ZNBOQ1044I8WVM/beginners-photography-courses.jpg","2024-07-02"
"Camera Courses For Beginners - Week 2 of 3 - Coventry 8-4","camera-courses-for-beginners-coventry-",https://www.alanranger.com/beginners-photography-lessons/camera-courses-for-beginners-coventry-,"beginners-courses;beginners-photography;courses-near-me;location-coventry","camera-settings;composition;exposure;photo-critiques;dslr-settings;Week 2","https://images.squarespace-cdn.com/content/v1/5013f4b2c4aaa4752ac69b17/1629536412755-A3NEF7ZNBOQ1044I8WVM/beginners-photography-courses.jpg","2024-07-02"
"Camera Courses For Beginners - Week 1 of 3 - Coventry 1-4","camera-courses-for-beginners-coventry-wk1",https://www.alanranger.com/beginners-photography-lessons/camera-courses-for-beginners-coventry-wk1,"beginners-courses;beginners-photography;courses-near-me;enrol-date;location-coventry","camera-settings;composition;exposure;photo-critiques;dslr-settings;Week-1","https://images.squarespace-cdn.com/content/v1/5013f4b2c4aaa4752ac69b17/1629536412755-A3NEF7ZNBOQ1044I8WVM/beginners-photography-courses.jpg","2024-05-05"
"Camera Courses For Beginners - Week 3 of 3 - Coventry 16-3","camera-courses-for-beginners-coventry-nhjlm",https://www.alanranger.com/beginners-photography-lessons/camera-courses-for-beginners-coventry-nhjlm,"beginners-courses;beginners-photography;courses-near-me;location-coventry","camera-settings;composition;exposure;photo-critiques;dslr-settings;Week 2","https://images.squarespace-cdn.com/content/v1/5013f4b2c4aaa4752ac69b17/1629536412755-A3NEF7ZNBOQ1044I8WVM/beginners-photography-courses.jpg","2025-03-31"
"Camera Courses For Beginners - Week 2 of 3 - Coventry 9-3","camera-courses-for-beginners-coventry-dg9pz",https://www.alanranger.com/beginners-photography-lessons/camera-courses-for-beginners-coventry-dg9pz,"beginners-courses;beginners-photography;courses-near-me;location-coventry","camera-settings;composition;exposure;photo-critiques;dslr-settings;Week 2","https://images.squarespace-cdn.com/content/v1/5013f4b2c4aaa4752ac69b17/1629536412755-A3NEF7ZNBOQ1044I8WVM/beginners-photography-courses.jpg","2025-03-31"
"Camera Courses For Beginners - Week 1 of 3 - Coventry 2-3","camera-courses-for-beginners-coventry-2n74k",https://www.alanranger.com/beginners-photography-lessons/camera-courses-for-beginners-coventry-2n74k,"beginners-courses;beginners-photography;courses-near-me;enrol-date;location-coventry","camera-settings;composition;exposure;photo-critiques;dslr-settings;Week-1","https://images.squarespace-cdn.com/content/v1/5013f4b2c4aaa4752ac69b17/1629536412755-A3NEF7ZNBOQ1044I8WVM/beginners-photography-courses.jpg","2025-03-31"
"Camera Courses For Beginners - Week 3 of 3 Coventry - 11-2","camera-courses-for-beginners-week-3",https://www.alanranger.com/beginners-photography-lessons/camera-courses-for-beginners-week-3,"beginners-courses;beginners-photography;courses-near-me;location-coventry","camera-settings;dslr-settings;photo-critiques;exposure","https://images.squarespace-cdn.com/content/v1/5013f4b2c4aaa4752ac69b17/1739790053633-OK80ELPCAKC96CKJLXA3/beginners-photography-courses.jpg","2025-02-17"
"Camera Courses For Beginners - Week 2 of 3 - Coventry 4-2","camera-courses-for-beginners-wk2",https://www.alanranger.com/beginners-photography-lessons/camera-courses-for-beginners-wk2,"beginners-courses;beginners-photography;courses-near-me;location-coventry","camera-settings;exposure;photo-critiques;dslr-settings;Week 2","https://images.squarespace-cdn.com/content/v1/5013f4b2c4aaa4752ac69b17/1739790053633-OK80ELPCAKC96CKJLXA3/beginners-photography-courses.jpg","2025-02-17"
"Camera Courses For Beginners - Week 1 of 3 - Coventry 28-1","camera-courses-for-beginners-coventry-2k99k",https://www.alanranger.com/beginners-photography-lessons/camera-courses-for-beginners-coventry-2k99k,"beginners-courses;beginners-photography;courses-near-me;location-coventry;enrol-date","camera-settings;composition;exposure;photo-critiques;dslr-settings","https://images.squarespace-cdn.com/content/v1/5013f4b2c4aaa4752ac69b17/1629536412755-A3NEF7ZNBOQ1044I8WVM/beginners-photography-courses.jpg","2024-07-02"
"Camera Courses For Beginners - Week 1 of 3 - Coventry 27-1","camera-courses-for-beginners-week-1",https://www.alanranger.com/beginners-photography-lessons/camera-courses-for-beginners-week-1,"beginners-courses;beginners-photography;enrol-date;location-coventry;courses-near-me","camera-settings;exposure;photo-critiques;dslr-settings;Week-1","https://images.squarespace-cdn.com/content/v1/5013f4b2c4aaa4752ac69b17/1739790053633-OK80ELPCAKC96CKJLXA3/beginners-photography-courses.jpg","2025-02-17"
"Lightroom Classic Photo Editing Classes -Week 3 of 3 - 26-1","lightroom-photo-editing-classes-wk3-42ynf",https://www.alanranger.com/beginners-photography-lessons/lightroom-photo-editing-classes-wk3-42ynf,"beginners-lightroom;courses-near-me;location-coventry","collections;composition;exporting;exposure;lightroom;photo-critiques;photo-editing;photoshop","https://images.squarespace-cdn.com/content/v1/5013f4b2c4aaa4752ac69b17/1675589565448-JHL9406XQ7598QHPOLW5/-LIGHTROOM+COURSE+BLACK.png","2025-03-31"
"Camera Courses For Beginners - Week 2 of 3 - Coventry 20-1","camera-courses-for-beginners-coventry-2sj27",https://www.alanranger.com/beginners-photography-lessons/camera-courses-for-beginners-coventry-2sj27,"beginners-courses;beginners-photography;courses-near-me;location-coventry","camera-settings;composition;exposure;photo-critiques;dslr-settings;Week 2","https://images.squarespace-cdn.com/content/v1/5013f4b2c4aaa4752ac69b17/1629536412755-A3NEF7ZNBOQ1044I8WVM/beginners-photography-courses.jpg","2024-07-02"
"Lightroom Classic Photo Editing Classes -Week 2 of 3 - 19-1","lightroom-photo-editing-classes-wk2-55f3d",https://www.alanranger.com/beginners-photography-lessons/lightroom-photo-editing-classes-wk2-55f3d,"beginners-lightroom;courses-near-me;location-coventry","collections;composition;exporting;exposure;lightroom;photo-critiques;photo-editing;photoshop","https://images.squarespace-cdn.com/content/v1/5013f4b2c4aaa4752ac69b17/1675589565448-JHL9406XQ7598QHPOLW5/-LIGHTROOM+COURSE+BLACK.png","2025-03-31"
"Camera Courses For Beginners - Week 1 of 3 - Coventry- 13-1","camera-courses-for-beginners-coventry-bds4t",https://www.alanranger.com/beginners-photography-lessons/camera-courses-for-beginners-coventry-bds4t,"beginners-courses;beginners-photography;courses-near-me;enrol-date;location-coventry","camera-settings;composition;exposure;photo-critiques;dslr-settings;Week-1","https://images.squarespace-cdn.com/content/v1/5013f4b2c4aaa4752ac69b17/1629536412755-A3NEF7ZNBOQ1044I8WVM/beginners-photography-courses.jpg","2024-07-02"
"Lightroom Classic Photo Editing Classes -Week 1 of 3 -12-1","lightroom-photo-editing-classes-wk1-xx94r",https://www.alanranger.com/beginners-photography-lessons/lightroom-photo-editing-classes-wk1-xx94r,"beginners-lightroom;courses-near-me;enrol-date;location-coventry","collections;composition;exporting;exposure;lightroom;photo-critiques;photo-editing;photoshop;Week-1","https://images.squarespace-cdn.com/content/v1/5013f4b2c4aaa4752ac69b17/1675589565448-JHL9406XQ7598QHPOLW5/-LIGHTROOM+COURSE+BLACK.png","2025-03-31"
"Camera Courses For Beginners - Week 3 of 3 - Coventry 15-12","camera-courses-for-beginners-coventry-mw83l",https://www.alanranger.com/beginners-photography-lessons/camera-courses-for-beginners-coventry-mw83l,"beginners-courses;beginners-photography;courses-near-me;location-coventry","camera-settings;composition;exposure;photo-critiques;dslr-settings","https://images.squarespace-cdn.com/content/v1/5013f4b2c4aaa4752ac69b17/1629536412755-A3NEF7ZNBOQ1044I8WVM/beginners-photography-courses.jpg","2024-07-02"
"Camera Courses For Beginners - Week 2 of 3 - Coventry 8-12","camera-courses-for-beginners-coventry-hnp3g",https://www.alanranger.com/beginners-photography-lessons/camera-courses-for-beginners-coventry-hnp3g,"beginners-courses;beginners-photography;courses-near-me;location-coventry","camera-settings;composition;exposure;photo-critiques;dslr-settings;Week 2","https://images.squarespace-cdn.com/content/v1/5013f4b2c4aaa4752ac69b17/1629536412755-A3NEF7ZNBOQ1044I8WVM/beginners-photography-courses.jpg","2024-07-02"
"Camera Courses For Beginners - Week 1 of 3 - Coventry 1-12","camera-courses-for-beginners-coventry-wc34j",https://www.alanranger.com/beginners-photography-lessons/camera-courses-for-beginners-coventry-wc34j,"beginners-courses;beginners-photography;courses-near-me;location-coventry;enrol-date","camera-settings;composition;exposure;photo-critiques;dslr-settings;Week-1","https://images.squarespace-cdn.com/content/v1/5013f4b2c4aaa4752ac69b17/1629536412755-A3NEF7ZNBOQ1044I8WVM/beginners-photography-courses.jpg","2025-03-27"
"Lightroom Classic Photo Editing Classes - Week 3 of 3 -26-11","lightroom-photo-editing-classes-wk3-7cd64",https://www.alanranger.com/beginners-photography-lessons/lightroom-photo-editing-classes-wk3-7cd64,"beginners-lightroom;courses-near-me;location-coventry","collections;composition;exporting;exposure;lightroom;photo-critiques;photo-editing;photoshop","https://images.squarespace-cdn.com/content/v1/5013f4b2c4aaa4752ac69b17/1675589565448-JHL9406XQ7598QHPOLW5/-LIGHTROOM+COURSE+BLACK.png","2024-05-06"
"Camera Courses For Beginners - Week 3 of 3 - Coventry 23-11","camera-courses-for-beginners-coventry-oct3",https://www.alanranger.com/beginners-photography-lessons/camera-courses-for-beginners-coventry-oct3,"beginners-courses;beginners-photography;courses-near-me;location-coventry","camera-settings;composition;exposure;photo-critiques;dslr-settings","https://images.squarespace-cdn.com/content/v1/5013f4b2c4aaa4752ac69b17/1629536412755-A3NEF7ZNBOQ1044I8WVM/beginners-photography-courses.jpg","2025-03-26"
"Lightroom Classic Photo Editing Classes - Week 2 of 3 -19-11","lightroom-photo-editing-classes-wk2-n8l4l",https://www.alanranger.com/beginners-photography-lessons/lightroom-photo-editing-classes-wk2-n8l4l,"beginners-lightroom;courses-near-me;location-coventry","collections;composition;exporting;exposure;lightroom;photo-critiques;photo-editing;photoshop","https://images.squarespace-cdn.com/content/v1/5013f4b2c4aaa4752ac69b17/1675589565448-JHL9406XQ7598QHPOLW5/-LIGHTROOM+COURSE+BLACK.png","2024-05-06"
"Camera Courses For Beginners - Week 2 of 3 - Coventry 16-11","camera-courses-for-beginners-coventry-oct2",https://www.alanranger.com/beginners-photography-lessons/camera-courses-for-beginners-coventry-oct2,"beginners-courses;beginners-photography;courses-near-me;location-coventry","camera-settings;composition;exposure;photo-critiques;dslr-settings;Week 2","https://images.squarespace-cdn.com/content/v1/5013f4b2c4aaa4752ac69b17/1629536412755-A3NEF7ZNBOQ1044I8WVM/beginners-photography-courses.jpg","2025-03-26"
"Lightroom Classic Photo Editing Classes - Week 1 of 3 -12-11","lightroom-photo-editing-classes-wk1-kdh5k",https://www.alanranger.com/beginners-photography-lessons/lightroom-photo-editing-classes-wk1-kdh5k,"beginners-lightroom;courses-near-me;enrol-date;location-coventry","collections;composition;exporting;exposure;lightroom;photo-critiques;photo-editing;photoshop;Week-1","https://images.squarespace-cdn.com/content/v1/5013f4b2c4aaa4752ac69b17/1675589565448-JHL9406XQ7598QHPOLW5/-LIGHTROOM+COURSE+BLACK.png","2024-05-06"
"Camera Courses For Beginners - Week 1 of 3 - Coventry 9-11","camera-courses-for-beginners-coventry-oct1",https://www.alanranger.com/beginners-photography-lessons/camera-courses-for-beginners-coventry-oct1,"beginners-courses;beginners-photography;courses-near-me;enrol-date;location-coventry","camera-settings;composition;exposure;photo-critiques;dslr-settings;Week-1","https://images.squarespace-cdn.com/content/v1/5013f4b2c4aaa4752ac69b17/1629536412755-A3NEF7ZNBOQ1044I8WVM/beginners-photography-courses.jpg","2025-03-26"
"Camera Courses For Beginners - Week 3 of 3 - Coventry 28-10","camera-courses-for-beginners-coventry-s2klg",https://www.alanranger.com/beginners-photography-lessons/camera-courses-for-beginners-coventry-s2klg,"beginners-courses;beginners-photography;courses-near-me;location-coventry","camera-settings;composition;exposure;photo-critiques;dslr-settings","https://images.squarespace-cdn.com/content/v1/5013f4b2c4aaa4752ac69b17/1629536412755-A3NEF7ZNBOQ1044I8WVM/beginners-photography-courses.jpg","2025-03-27"
"Camera Courses For Beginners - Week 3 of 3 - Coventry 26-10","camera-courses-for-beginners-coventry-8s2ka",https://www.alanranger.com/beginners-photography-lessons/camera-courses-for-beginners-coventry-8s2ka,"beginners-courses;beginners-photography;courses-near-me;location-coventry","camera-settings;composition;exposure;photo-critiques;dslr-settings;Week 2","https://images.squarespace-cdn.com/content/v1/5013f4b2c4aaa4752ac69b17/1629536412755-A3NEF7ZNBOQ1044I8WVM/beginners-photography-courses.jpg","2025-03-31"
"Camera Courses For Beginners - Week 2 of 3 - Coventry 21-10","camera-courses-for-beginners-coventry-hl4tm",https://www.alanranger.com/beginners-photography-lessons/camera-courses-for-beginners-coventry-hl4tm,"beginners-courses;beginners-photography;courses-near-me;location-coventry","camera-settings;composition;exposure;photo-critiques;dslr-settings;Week 2","https://images.squarespace-cdn.com/content/v1/5013f4b2c4aaa4752ac69b17/1629536412755-A3NEF7ZNBOQ1044I8WVM/beginners-photography-courses.jpg","2024-07-02"
"Camera Courses For Beginners - Week 2 of 3 - Coventry 19-10","camera-courses-for-beginners-coventry-4pp2p",https://www.alanranger.com/beginners-photography-lessons/camera-courses-for-beginners-coventry-4pp2p,"beginners-courses;beginners-photography;courses-near-me;location-coventry","camera-settings;composition;exposure;photo-critiques;dslr-settings;Week 2","https://images.squarespace-cdn.com/content/v1/5013f4b2c4aaa4752ac69b17/1629536412755-A3NEF7ZNBOQ1044I8WVM/beginners-photography-courses.jpg","2025-03-31"
"Camera Courses For Beginners - Week 1 of 3 - Coventry 14-10","camera-courses-for-beginners-coventry-7breh",https://www.alanranger.com/beginners-photography-lessons/camera-courses-for-beginners-coventry-7breh,"beginners-courses;beginners-photography;courses-near-me;enrol-date;location-coventry","","https://images.squarespace-cdn.com/content/v1/5013f4b2c4aaa4752ac69b17/1629536412755-A3NEF7ZNBOQ1044I8WVM/beginners-photography-courses.jpg","2024-07-02"
"Camera Courses For Beginners - Week 1 of 3 - Coventry 12-10","camera-courses-for-beginners-coventry-zbcfe",https://www.alanranger.com/beginners-photography-lessons/camera-courses-for-beginners-coventry-zbcfe,"beginners-courses;beginners-photography;courses-near-me;enrol-date;location-coventry","camera-settings;composition;exposure;photo-critiques;dslr-settings;Week-1","https://images.squarespace-cdn.com/content/v1/5013f4b2c4aaa4752ac69b17/1629536412755-A3NEF7ZNBOQ1044I8WVM/beginners-photography-courses.jpg","2025-03-31"
"Lightroom Classic Photo Editing Classes -Week 3 of 3 -21-9","lightroom-photo-editing-classes-wk3",https://www.alanranger.com/beginners-photography-lessons/lightroom-photo-editing-classes-wk3,"beginners-lightroom;courses-near-me;location-coventry","collections;composition;exporting;exposure;lightroom;photo-critiques;photo-editing;photoshop","https://images.squarespace-cdn.com/content/v1/5013f4b2c4aaa4752ac69b17/1675589565448-JHL9406XQ7598QHPOLW5/-LIGHTROOM+COURSE+BLACK.png","2024-05-06"
"Lightroom Classic Photo Editing Classes -Week 2 of 3 -14-9","lightroom-photo-editing-classes-wk2",https://www.alanranger.com/beginners-photography-lessons/lightroom-photo-editing-classes-wk2,"beginners-lightroom;courses-near-me;location-coventry","collections;composition;exporting;exposure;lightroom;photo-critiques;photo-editing;photoshop","https://images.squarespace-cdn.com/content/v1/5013f4b2c4aaa4752ac69b17/1675589565448-JHL9406XQ7598QHPOLW5/-LIGHTROOM+COURSE+BLACK.png","2024-05-06"
"Lightroom Classic Photo Editing Classes -Week 1 of 3 - 7-9","lightroom-photo-editing-classes-wk1",https://www.alanranger.com/beginners-photography-lessons/lightroom-photo-editing-classes-wk1,"beginners-lightroom;courses-near-me;enrol-date;location-coventry","collections;composition;exporting;exposure;lightroom;photo-critiques;photo-editing;photoshop;Week-1","https://images.squarespace-cdn.com/content/v1/5013f4b2c4aaa4752ac69b17/1675589565448-JHL9406XQ7598QHPOLW5/-LIGHTROOM+COURSE+BLACK.png","2022-10-25"
"RPS Courses - RPS Distinctions Course - Enrol Anytime -1-4","rps-courses-rps-distinctions-mentoring-2",https://www.alanranger.com/beginners-photography-lessons/rps-courses-rps-distinctions-mentoring-2,"rps-classes;location-online","composition;lightroom;photo-critiques;photo-editing;photoshop;rps","https://images.squarespace-cdn.com/content/v1/5013f4b2c4aaa4752ac69b17/1685445150893-KNP35P159NIWH07BZSXM/RPS-Distinctions-photography-course.jpg","2024-05-07"
"RPS Courses - RPS Distinctions Course - Enrol Anytime -3-3","rps-courses-rps-distinctions-mentoring-1",https://www.alanranger.com/beginners-photography-lessons/rps-courses-rps-distinctions-mentoring-1,"rps-classes;location-online","composition;lightroom;photo-critiques;photo-editing;photoshop;rps","https://images.squarespace-cdn.com/content/v1/5013f4b2c4aaa4752ac69b17/1685445150893-KNP35P159NIWH07BZSXM/RPS-Distinctions-photography-course.jpg","2024-05-07"
"RPS Courses - RPS Distinctions Course - Enrol Anytime-3-2","rps-courses-rps-distinctions-mentoring-5",https://www.alanranger.com/beginners-photography-lessons/rps-courses-rps-distinctions-mentoring-5,"rps-classes;location-online","composition;lightroom;photo-critiques;photo-editing;photoshop;rps","https://images.squarespace-cdn.com/content/v1/5013f4b2c4aaa4752ac69b17/1685445150893-KNP35P159NIWH07BZSXM/RPS-Distinctions-photography-course.jpg","2023-11-04"
"RPS Courses - RPS Distinctions Course - Enrol Anytime - 5-1","rps-courses-rps-distinctions-mentoring-4",https://www.alanranger.com/beginners-photography-lessons/rps-courses-rps-distinctions-mentoring-4,"rps-classes;location-online","composition;lightroom;photo-critiques;photo-editing;photoshop;rps","https://images.squarespace-cdn.com/content/v1/5013f4b2c4aaa4752ac69b17/1685445150893-KNP35P159NIWH07BZSXM/RPS-Distinctions-photography-course.jpg","2024-05-07"
"RPS Courses - RPS Distinctions Course - Enrol Anytime -1-12","rps-courses-rps-distinctions-mentoring-3",https://www.alanranger.com/beginners-photography-lessons/rps-courses-rps-distinctions-mentoring-3,"rps-classes;location-online","composition;lightroom;photo-critiques;photo-editing;photoshop;rps","https://images.squarespace-cdn.com/content/v1/5013f4b2c4aaa4752ac69b17/1685445150893-KNP35P159NIWH07BZSXM/RPS-Distinctions-photography-course.jpg","2024-05-07"
"RPS Courses - RPS Distinctions Course - Enrol Anytime - 6-11","rps-courses-rps-distinctions-mentoring-6",https://www.alanranger.com/beginners-photography-lessons/rps-courses-rps-distinctions-mentoring-6,"rps-classes;location-online","composition;lightroom;photo-critiques;photo-editing;photoshop;rps","https://images.squarespace-cdn.com/content/v1/5013f4b2c4aaa4752ac69b17/1685445150893-KNP35P159NIWH07BZSXM/RPS-Distinctions-photography-course.jpg","2024-05-07"
"Camera Courses For Beginners - Week 4 of 5 - Coventry Sep","camera-courses-for-beginners-coventry-x46jh",https://www.alanranger.com/beginners-photography-lessons/camera-courses-for-beginners-coventry-x46jh,"beginners-courses;beginners-photography;courses-near-me;location-coventry","camera-settings;composition;exposure;photo-critiques;dslr-settings","https://images.squarespace-cdn.com/content/v1/5013f4b2c4aaa4752ac69b17/1629536412755-A3NEF7ZNBOQ1044I8WVM/beginners-photography-courses.jpg","2024-07-02"
"Camera Courses For Beginners - Week 5 of 5 - Coventry May","camera-courses-for-beginners-coventry-89mhh",https://www.alanranger.com/beginners-photography-lessons/camera-courses-for-beginners-coventry-89mhh,"beginners-courses;beginners-photography;courses-near-me;location-coventry","camera-settings;composition;exposure;photo-critiques;dslr-settings","https://images.squarespace-cdn.com/content/v1/5013f4b2c4aaa4752ac69b17/1629536412755-A3NEF7ZNBOQ1044I8WVM/beginners-photography-courses.jpg","2024-07-02"
"Camera Courses For Beginners - Week 4 of 5 - Coventry May","camera-courses-for-beginners-coventry-7zghm",https://www.alanranger.com/beginners-photography-lessons/camera-courses-for-beginners-coventry-7zghm,"beginners-courses;beginners-photography;courses-near-me;location-coventry","camera-settings;composition;exposure;photo-critiques;dslr-settings","https://images.squarespace-cdn.com/content/v1/5013f4b2c4aaa4752ac69b17/1629536412755-A3NEF7ZNBOQ1044I8WVM/beginners-photography-courses.jpg","2024-07-02"
"Camera Courses For Beginners - Week 5 of 5 - Coventry Apr","camera-courses-for-beginners-coventry-w7jx6",https://www.alanranger.com/beginners-photography-lessons/camera-courses-for-beginners-coventry-w7jx6,"beginners-courses;beginners-photography;courses-near-me;location-coventry","camera-settings;composition;exposure;photo-critiques;dslr-settings;Week 2","https://images.squarespace-cdn.com/content/v1/5013f4b2c4aaa4752ac69b17/1629536412755-A3NEF7ZNBOQ1044I8WVM/beginners-photography-courses.jpg","2024-07-02"
"Camera Courses For Beginners - Week 4 of 5 - Coventry Apr","camera-courses-for-beginners-coventry-sp2bn",https://www.alanranger.com/beginners-photography-lessons/camera-courses-for-beginners-coventry-sp2bn,"beginners-courses;beginners-photography;courses-near-me;location-coventry","camera-settings;composition;exposure;photo-critiques;dslr-settings","https://images.squarespace-cdn.com/content/v1/5013f4b2c4aaa4752ac69b17/1629536412755-A3NEF7ZNBOQ1044I8WVM/beginners-photography-courses.jpg","2024-07-02"
"Camera Courses For Beginners - Week 5 of 5 - Coventry Feb","camera-courses-for-beginners-coventry-8ge8z",https://www.alanranger.com/beginners-photography-lessons/camera-courses-for-beginners-coventry-8ge8z,"beginners-courses;beginners-photography;courses-near-me;location-coventry","camera-settings;composition;exposure;photo-critiques;dslr-settings","https://images.squarespace-cdn.com/content/v1/5013f4b2c4aaa4752ac69b17/1629536412755-A3NEF7ZNBOQ1044I8WVM/beginners-photography-courses.jpg","2024-07-02"
"Camera Courses For Beginners - Week 4 of 5 - Coventry Feb","camera-courses-for-beginners-coventry-79jje",https://www.alanranger.com/beginners-photography-lessons/camera-courses-for-beginners-coventry-79jje,"beginners-courses;beginners-photography;courses-near-me;location-coventry","camera-settings;composition;exposure;photo-critiques;dslr-settings","https://images.squarespace-cdn.com/content/v1/5013f4b2c4aaa4752ac69b17/1629536412755-A3NEF7ZNBOQ1044I8WVM/beginners-photography-courses.jpg","2024-07-02"
"Macro Photography Lesson - Focus Stacking | Masterclasses","9-macro-photography-masterclass-pszzw",https://www.alanranger.com/beginners-photography-lessons/9-macro-photography-masterclass-pszzw,"courses-near-me;enrol-date;location-coventry;masterclasses","focus-stacking;macro;photo-editing","https://images.squarespace-cdn.com/content/v1/5013f4b2c4aaa4752ac69b17/1522495788672-77524IZSQEDYX158GZ34/photography-tuition.png","2024-02-29"
"Beginners Photography Class - \"Get off Auto\" - 10/6","beginners-photography-class-coventry-z7mfm",https://www.alanranger.com/beginners-photography-lessons/beginners-photography-class-coventry-z7mfm,"beginners-classes;courses-near-me;enrol-date;get-off-auto;location-coventry","composition;exposure;get-off-auto","https://images.squarespace-cdn.com/content/v1/5013f4b2c4aaa4752ac69b17/1625925714464-MA8MWKN10SQHTDIFCTU0/beginners-photography-class-get-off-auto.jpg","2024-05-05"
"photography lessons online - Black and white - 6-June","online-photography-webinar-black-and-white-conversion-zejt9",https://www.alanranger.com/beginners-photography-lessons/online-photography-webinar-black-and-white-conversion-zejt9,"online;courses-near-me;enrol-date;online-photography-class;webinar;masterclasses;online beginners","b&w;composition;exposure;lightroom;nik;photo-editing","https://images.squarespace-cdn.com/content/v1/5013f4b2c4aaa4752ac69b17/1707214139310-570QIMFQ4HX7OVBQQ3SU/Online+Photography+Lesson.jpg","2021-02-10"
"photography lesson online - Class 4 - Exposure Bracketing","online-photography-webinar-bracketing-filters-20-4",https://www.alanranger.com/beginners-photography-lessons/online-photography-webinar-bracketing-filters-20-4,"online;courses-near-me;enrol-date;online-photography-class;webinar;masterclasses;online beginners","bracketing;composition;exposure;lee-filters;light-and-filters;lightroom;hdr","https://images.squarespace-cdn.com/content/v1/5013f4b2c4aaa4752ac69b17/1612955864971-OG81D48B7HOOCCRP5NYG/bracketing-and-filters-in-photography.jpg","2020-04-06"
"Macro Photography Lesson - Focus Stacking | Masterclass","9-macro-photography-masterclass",https://www.alanranger.com/beginners-photography-lessons/9-macro-photography-masterclass,"courses-near-me;enrol-date;location-coventry;masterclasses","focus-stacking;macro;photo-editing","https://images.squarespace-cdn.com/content/v1/5013f4b2c4aaa4752ac69b17/1522495788672-77524IZSQEDYX158GZ34/photography-tuition.png","2023-12-03"
"Beginners Photography Class - \"Get off Auto\" - 7/5","beginners-photography-class-coventry",https://www.alanranger.com/beginners-photography-lessons/beginners-photography-class-coventry,"beginners-classes;courses-near-me;enrol-date;get-off-auto;location-coventry","composition;exposure;get-off-auto","https://images.squarespace-cdn.com/content/v1/5013f4b2c4aaa4752ac69b17/1625925714464-MA8MWKN10SQHTDIFCTU0/beginners-photography-class-get-off-auto.jpg","2021-07-10"
"photography lessons online - Composition Lesson 3 |","online-photography-class-for-beginners-composition-1",https://www.alanranger.com/beginners-photography-lessons/online-photography-class-for-beginners-composition-1,"beginners-classes;courses-near-me;enrol-date;location-online;online-photography-class;webinar;online;masterclasses;online beginners","composition;exposure;metering;histogram","https://images.squarespace-cdn.com/content/v1/5013f4b2c4aaa4752ac69b17/1612979786621-4E773Y2IJUTZ4CUJA64Z/beginners-photography-lesson-composition.jpg","2021-01-21"
"Photography lessons online - Camera Settings  Lesson 2 ","online-photography-class-for-beginners-camera-craft-sbg8w",https://www.alanranger.com/beginners-photography-lessons/online-photography-class-for-beginners-camera-craft-sbg8w,"beginners-classes;courses-near-me;enrol-date;location-online;online-photography-class;webinar;online;online beginners","composition;exposure;metering;histogram;white balance;stops","https://images.squarespace-cdn.com/content/v1/5013f4b2c4aaa4752ac69b17/1707219471224-KZ76F6FQ0LJMA7RY15Q8/photography+lessons+online.jpg","2021-01-21"
"1 Day Beginners Portrait Photography Course - 10/3","beginners-portrait-photography-course",https://www.alanranger.com/beginners-photography-lessons/beginners-portrait-photography-course,"portraits;beginners-classes;beginners-courses;courses-near-me;enrol-date;location-coventry","composition;exposure;portraits","https://images.squarespace-cdn.com/content/v1/5013f4b2c4aaa4752ac69b17/1572107599950-329W75XELTNXJWVEV1D9/beginners-portrait-photography-course.jpg","2024-02-28"
"7. Black and White Photography Lesson | Masterclass","7-black-and-white-photography-masterclass",https://www.alanranger.com/beginners-photography-lessons/7-black-and-white-photography-masterclass,"location-coventry;masterclasses","b&w;photo-editing","https://images.squarespace-cdn.com/content/v1/5013f4b2c4aaa4752ac69b17/1522495872394-WVNCKBRAEVJJSKK8XJZX/photography-tuition.png","2023-12-03"
"Photo Editing Basics - Photography Lesson | Masterclass","5-photo-editing-basics-masterclass",https://www.alanranger.com/beginners-photography-lessons/5-photo-editing-basics-masterclass,"courses-near-me;enrol-date;location-coventry;masterclasses","lightroom;photo-editing","https://images.squarespace-cdn.com/content/v1/5013f4b2c4aaa4752ac69b17/1522496284892-5JEX3WGGURHW3MUUX1OO/photography-tuition.png","2022-06-22"
"1 - Month Photo Project - Create a Cohesive Series | Online","online-photography-webinar-1-month-photo-project-create-a-cohesive-series",https://www.alanranger.com/beginners-photography-lessons/online-photography-webinar-1-month-photo-project-create-a-cohesive-series,"online;courses-near-me;enrol-date;online-photography-class;webinar;masterclasses","b&w;composition;exposure;lightroom;photo-editing;project;mentoring","https://images.squarespace-cdn.com/content/v1/5013f4b2c4aaa4752ac69b17/1613043545230-Y6XSGOODO67LUX8TDQIK/1-month+photo+project.jpg","2021-02-11"
"photography lessons online 6-Getting Started with Lightroom","online-photography-class-for-beginners-getting-started-with-lightroom-w9ea9",https://www.alanranger.com/beginners-photography-lessons/online-photography-class-for-beginners-getting-started-with-lightroom-w9ea9,"online;courses-near-me;enrol-date;online-photography-class;webinar;masterclasses","composition;exposure;lightroom;nik;photo-editing","https://images.squarespace-cdn.com/content/v1/5013f4b2c4aaa4752ac69b17/1612988257853-ZKUMM5P2M2GI9806S1CM/photography-lesson-getting-started-with-adobe-lightroom.jpg","2021-02-10"
"Webinar - Monthly Photo Critique Jun | Masterclass","online-photography-webinar-monthly-photo-critique--zck86",https://www.alanranger.com/beginners-photography-lessons/online-photography-webinar-monthly-photo-critique--zck86,"online;courses-near-me;enrol-date;online-photography-class;webinar;masterclasses","composition;exposure;lightroom;nik;photo-editing","https://images.squarespace-cdn.com/content/v1/5013f4b2c4aaa4752ac69b17/1612979483250-DMI7AKGQPHIR5H0P9OG4/photography-lesson-Photo-Critique.jpg","2020-11-29"
"Webinar - Photo Editing - | photography lessons online | 3-6","online-photography-webinar-edit-your-photos-n7g65",https://www.alanranger.com/beginners-photography-lessons/online-photography-webinar-edit-your-photos-n7g65,"online;courses-near-me;enrol-date;online-photography-class;webinar;masterclasses;beginners-classes","composition;exposure;lightroom;nik;photo-editing","https://images.squarespace-cdn.com/content/v1/5013f4b2c4aaa4752ac69b17/1585493000357-5KL5P4MUS6YC1S73Z2FZ/online-photography-tuition-Alan-Ranger-Photography.jpg","2020-03-29"
"Intermediates Intentions Photography Course-Class 9 of 10","intermediates-photography-course-tw3zn-r92rw-ng2lg",https://www.alanranger.com/beginners-photography-lessons/intermediates-photography-course-tw3zn-r92rw-ng2lg,"intentions-classes;intermediate-courses;location-coventry","composition;photo-critiques;photo-editing","https://images.squarespace-cdn.com/content/v1/5013f4b2c4aaa4752ac69b17/1546335601878-6IFW5DQ3PBH4T3PQNO15/Intentions-Intermediates-Photography-Course.jpg","2020-03-18"
"Intermediates Intentions Photography Course-Class 8 of 10","intermediates-photography-course-tw3zn-98dl4-a6mb5",https://www.alanranger.com/beginners-photography-lessons/intermediates-photography-course-tw3zn-98dl4-a6mb5,"intentions-classes;intermediate-courses;location-coventry","composition;photo-critiques;photo-editing","https://images.squarespace-cdn.com/content/v1/5013f4b2c4aaa4752ac69b17/1546335569556-N1I0RXRXUL12XL0H7YS3/Intentions-Intermediates-Photography-Course.jpg","2020-03-18"
"Intermediates Intentions Photography Course-Class 7 of 10 ","intermediates-photography-course-tw3zn-rh59f-e9t7z",https://www.alanranger.com/beginners-photography-lessons/intermediates-photography-course-tw3zn-rh59f-e9t7z,"intentions-classes;intermediate-courses;location-coventry","composition;photo-critiques;photo-editing","https://images.squarespace-cdn.com/content/v1/5013f4b2c4aaa4752ac69b17/1546335540530-E0UO95IV3RV57NKAG6U8/Intentions-Intermediates-Photography-Course.jpg","2020-03-18"
"Intermediates Intentions Photography Course - Class 6 of 10","intermediates-photography-course-tw3zn-t7jj4",https://www.alanranger.com/beginners-photography-lessons/intermediates-photography-course-tw3zn-t7jj4,"intentions-classes;intermediate-courses;location-coventry","composition;photo-critiques;photo-editing","https://images.squarespace-cdn.com/content/v1/5013f4b2c4aaa4752ac69b17/1546335514392-8TQE7GU6W6KH2UEGWXS6/Intentions-Intermediates-Photography-Course.jpg","2018-10-21"
"Intermediates Photography Course - Week 4 of 4 - 25/11","intermediates-photography-course-coventry-wk4",https://www.alanranger.com/beginners-photography-lessons/intermediates-photography-course-coventry-wk4,"courses-near-me;intermediate-courses;intermediates-photography;location-coventry;location-solihull","b&w;bracketing;camera-settings;composition;exposure;landscapes;light-and-filters;lightroom;macro;photo-critiques;portraits;dslr-settings","https://images.squarespace-cdn.com/content/v1/5013f4b2c4aaa4752ac69b17/1539115044331-NE6NUIH793VL4E4O5958/Intermediates-photography-course-level-2.jpg","2019-11-06"
"Intermediates Photography Course - Week 3 of 4 - 18/11","intermediates-photography-course-coventry-wk3",https://www.alanranger.com/beginners-photography-lessons/intermediates-photography-course-coventry-wk3,"courses-near-me;intermediate-courses;intermediates-photography;location-coventry;location-solihull","b&w;bracketing;camera-settings;composition;exposure;landscapes;light-and-filters;lightroom;macro;photo-critiques;portraits;dslr-settings","https://images.squarespace-cdn.com/content/v1/5013f4b2c4aaa4752ac69b17/1539115044331-NE6NUIH793VL4E4O5958/Intermediates-photography-course-level-2.jpg","2019-11-06"
"Intermediates Intentions Photography Course - Class 5 of 10","intermediates-photography-course-tw3zn-ngppn",https://www.alanranger.com/beginners-photography-lessons/intermediates-photography-course-tw3zn-ngppn,"intentions-classes;intermediate-courses;location-coventry","composition;photo-critiques;photo-editing","https://images.squarespace-cdn.com/content/v1/5013f4b2c4aaa4752ac69b17/1546335488628-UFILFGLU6YIYKYCLJBB4/Intentions-Intermediates-Photography-Course.jpg","2018-10-21"
"Intermediates Photography Course - Week 2 of 4 - 11/11","intermediates-photography-course-coventry-wk2",https://www.alanranger.com/beginners-photography-lessons/intermediates-photography-course-coventry-wk2,"courses-near-me;intermediate-courses;intermediates-photography;location-coventry;location-solihull","b&w;bracketing;camera-settings;composition;exposure;landscapes;light-and-filters;lightroom;macro;photo-critiques;portraits;dslr-settings","https://images.squarespace-cdn.com/content/v1/5013f4b2c4aaa4752ac69b17/1539115044331-NE6NUIH793VL4E4O5958/Intermediates-photography-course-level-2.jpg","2019-11-06"
"Intermediates Photography Course - Week 1 of 4 - 4/11","intermediates-photography-course-coventry",https://www.alanranger.com/beginners-photography-lessons/intermediates-photography-course-coventry,"courses-near-me;enrol-date;intermediate-courses;intermediates-photography;location-coventry;location-solihull","b&w;bracketing;camera-settings;composition;exposure;landscapes;light-and-filters;lightroom;macro;photo-critiques;portraits;dslr-settings","https://images.squarespace-cdn.com/content/v1/5013f4b2c4aaa4752ac69b17/1539115044331-NE6NUIH793VL4E4O5958/Intermediates-photography-course-level-2.jpg","2018-10-09"
"Intermediates Intentions Photography Course -  Class 4 of 10","intermediates-photography-course-tw3zn-6y8b9",https://www.alanranger.com/beginners-photography-lessons/intermediates-photography-course-tw3zn-6y8b9,"courses-near-me;intentions-classes;intermediate-courses;location-coventry","composition;photo-critiques;photo-editing","https://images.squarespace-cdn.com/content/v1/5013f4b2c4aaa4752ac69b17/1546335457340-P3NT1QGUOMNZR2MK1AZG/Intentions-Intermediates-Photography-Course.jpg","2018-10-21"
"Intermediate Lightroom Photography Course - Week 2 of 4 - 14/10","intermediates-lightroom-course-azzlm-k2l9l",https://www.alanranger.com/beginners-photography-lessons/intermediates-lightroom-course-azzlm-k2l9l,"courses-near-me;intermediates-lightroom;location-coventry","b&w;collections;composition;exporting;lightroom;macro;nik;photo-critiques;photo-editing;photoshop;portraits","https://images.squarespace-cdn.com/content/v1/5013f4b2c4aaa4752ac69b17/1546332311162-RHUSWWQMZKCR824TLBAN/Advanced-Lightroom-Photography-Course.jpg","2018-10-09"
"Intermediates Intentions Photography Course - Class 3 of 10","intermediates-photography-course-tw3zn",https://www.alanranger.com/beginners-photography-lessons/intermediates-photography-course-tw3zn,"intentions-classes;intermediate-courses;location-coventry","composition;photo-critiques;photo-editing","https://images.squarespace-cdn.com/content/v1/5013f4b2c4aaa4752ac69b17/1546335657227-WNPZ4O5F7I0W7DI26GKT/Intentions-Intermediates-Photography-Course.jpg","2018-10-21"
"Intermediates Intentions Photography Course - Class 2 of 10","intermediates-photography-course-tw3zn-lhb83",https://www.alanranger.com/beginners-photography-lessons/intermediates-photography-course-tw3zn-lhb83,"courses-near-me;intentions-classes;intermediate-courses;location-coventry","composition;photo-critiques;photo-editing","https://images.squarespace-cdn.com/content/v1/5013f4b2c4aaa4752ac69b17/1546335432327-NU7VRY6OVI2MEZ78NEAP/Intentions-Intermediates-Photography-Course.jpg","2018-10-21"
"Intermediates Intentions Photography Course - Class 1 of 10","intermediates-photography-course",https://www.alanranger.com/beginners-photography-lessons/intermediates-photography-course,"courses-near-me;enrol-date;intentions-classes;intermediate-courses;location-coventry","composition;photo-critiques;photo-editing","https://images.squarespace-cdn.com/content/v1/5013f4b2c4aaa4752ac69b17/1546335684376-2V5R0TW61KUYB8RNAVL1/Intentions-Intermediates-Photography-Course.jpg","2018-02-21"
"Intermediates Intentions Photography Course - Class 9 of 10","intermediates-photography-course-tw3zn-r92rw",https://www.alanranger.com/beginners-photography-lessons/intermediates-photography-course-tw3zn-r92rw,"intentions-classes;intermediate-courses;location-coventry","composition;photo-critiques;photo-editing","https://images.squarespace-cdn.com/content/v1/5013f4b2c4aaa4752ac69b17/1546335601878-6IFW5DQ3PBH4T3PQNO15/Intentions-Intermediates-Photography-Course.jpg","2018-10-21"
"Intermediates Intentions Photography Course - Class 8 of 10","intermediates-photography-course-tw3zn-98dl4",https://www.alanranger.com/beginners-photography-lessons/intermediates-photography-course-tw3zn-98dl4,"intentions-classes;intermediate-courses;location-coventry","composition;photo-critiques;photo-editing","https://images.squarespace-cdn.com/content/v1/5013f4b2c4aaa4752ac69b17/1546335569556-N1I0RXRXUL12XL0H7YS3/Intentions-Intermediates-Photography-Course.jpg","2018-10-21"
"Intermediates Intentions Photography Course - Class 7 of 10","intermediates-photography-course-tw3zn-rh59f",https://www.alanranger.com/beginners-photography-lessons/intermediates-photography-course-tw3zn-rh59f,"intentions-classes;intermediate-courses;location-coventry","composition;photo-critiques;photo-editing","https://images.squarespace-cdn.com/content/v1/5013f4b2c4aaa4752ac69b17/1546335540530-E0UO95IV3RV57NKAG6U8/Intentions-Intermediates-Photography-Course.jpg","2018-10-21"
"Landscape Photography Lesson | Masterclass Series | Coventry","art-of-the-landscape",https://www.alanranger.com/beginners-photography-lessons/art-of-the-landscape,"courses-near-me;enrol-date;location-coventry;masterclasses","composition;landscapes;photo-critiques","https://images.squarespace-cdn.com/content/v1/5013f4b2c4aaa4752ac69b17/1522496243587-KQWWFZ4H7F4276ZPWJNR/photography-tuition.png","2014-12-23"
"Lightroom Organisation Photography Lesson | Masterclass","11-lightroom-organisation-masterclass",https://www.alanranger.com/beginners-photography-lessons/11-lightroom-organisation-masterclass,"courses-near-me;enrol-date;location-coventry;masterclasses","collections;dropbox;exporting;lightroom;publishing-service","https://images.squarespace-cdn.com/content/v1/5013f4b2c4aaa4752ac69b17/1522495889751-MBGFVW5Z1U0ELNID7FNE/photography-tuition.png","2023-12-03"
"Creative Composition - Photography Lesson 17/2 | Masterclass","2-creative-composition-masterclass",https://www.alanranger.com/beginners-photography-lessons/2-creative-composition-masterclass,"courses-near-me;enrol-date;location-coventry;masterclasses","composition","https://images.squarespace-cdn.com/content/v1/5013f4b2c4aaa4752ac69b17/1522496321401-S8WGFNYWZ6P3M7PNKE6Y/photography-tuition.png","2014-12-23"
"Portrait Photography Lesson | Masterclass Series | Coventry","6-portrait-photography-masterclass",https://www.alanranger.com/beginners-photography-lessons/6-portrait-photography-masterclass,"beginners-classes;location-coventry;masterclasses","composition;photo-critiques;portraits","https://images.squarespace-cdn.com/content/v1/5013f4b2c4aaa4752ac69b17/1522496225641-9ITM49XQFJ2I7B51INL5/photography-tuition.png","2023-12-03"
"Creative Photo Editing - Photography Lesson | Masterclass","12-creative-photo-editing-masterclass",https://www.alanranger.com/beginners-photography-lessons/12-creative-photo-editing-masterclass,"courses-near-me;enrol-date;location-coventry;masterclasses","composition;lightroom;nik;photo-critiques;photo-editing;photoshop","https://images.squarespace-cdn.com/content/v1/5013f4b2c4aaa4752ac69b17/1522496302146-4KBZTQBKMF1ZGDF5IXMK/photography-tuition.png","2016-11-05"
"Camera Care Photography Masterclass Series - Lesson 14","camera-care-photography-masterclass",https://www.alanranger.com/beginners-photography-lessons/camera-care-photography-masterclass,"beginners-classes;location-coventry;masterclasses","dslr-care","https://images.squarespace-cdn.com/content/v1/5013f4b2c4aaa4752ac69b17/1522496389832-LZCAT6TJQIBWFV5BL4O9/photography-tuition.png","2016-11-05"
"Choosing and setting up your DSLR - Photography Lesson","13-choosing-and-setting-up-your-dslr-masterclass",https://www.alanranger.com/beginners-photography-lessons/13-choosing-and-setting-up-your-dslr-masterclass,"beginners-classes;location-coventry;masterclasses","dslr-settings","https://images.squarespace-cdn.com/content/v1/5013f4b2c4aaa4752ac69b17/1522496354981-4TGIPPR4MRBQBCS1JQ0Y/photography-tuition.png","2016-11-05"
"3. DSLR Craft Photography Lesson | Masterclass | Coventry","3-dslr-craft-masterclass",https://www.alanranger.com/beginners-photography-lessons/3-dslr-craft-masterclass,"beginners-classes;masterclasses","dslr-settings","https://images.squarespace-cdn.com/content/v1/5013f4b2c4aaa4752ac69b17/1522496405531-VXYNM80ZIPWBRUEJR4ZK/photography-tuition.png","2023-12-03"
"Get off Auto Mode - Photography Lesson | Masterclass","1-get-off-automatic-mode-masterclass",https://www.alanranger.com/beginners-photography-lessons/1-get-off-automatic-mode-masterclass,"masterclasses",,"https://images.squarespace-cdn.com/content/v1/5013f4b2c4aaa4752ac69b17/1522496422360-AZMC9OMG3KW1GRR61P9K/photography-tuition.png","2016-10-25"
"Black and White Photography Course - Sep Week 1 of 2","black-and-white-photography-course-jun",https://www.alanranger.com/beginners-photography-lessons/black-and-white-photography-course-jun,"courses-near-me;enrol-date;intermediate-courses;location-solihull","b&w;lightroom;nik;photo-editing","https://images.squarespace-cdn.com/content/v1/5013f4b2c4aaa4752ac69b17/1522614405928-HP4MQKLGRX4Y8J07Q7EA/Black-and-White-photography-course.jpg","2017-08-30"