Title,Url Id,Full Url,Categories,Tags,Publish On,Image,Visible
MACRO Photography Workshops Warwickshire - Various,abstract-and-macro-photography-workshops,https://www.alanranger.com/photo-workshops-uk/abstract-and-macro-photography-workshops,"All Photography Workshops, - half-day photo workshops, Macro & Abstract",warwickshire,,,Yes
BATSFORD Arboretum Autumn Photography Workshops 23 - 29 Oct,batsford-arboretum-photography-workshops,https://www.alanranger.com/photo-workshops-uk/batsford-arboretum-photography-workshops,"All Photography Workshops, - half-day photo workshops, - one day photo workshops, Landscape, Woodlands, autumn","batsford, autumn",,,Yes
BLUEBELL WOODLANDS Photography - Warks - 20 Apr - 30 Apr,bluebell-woodlands-photography-workshops,https://www.alanranger.com/photo-workshops-uk/bluebell-woodlands-photography-workshops,"'- half-day photo work..., - one day photo workshops, Landscape, Woodlands, Flowering","warwickshire, bluebells",,,Yes
DARTMOOR Photography Workshop - Landscapes - 2nd - 4th Apr,dartmoor-photography-landscape-workshop,https://www.alanranger.com/photo-workshops-uk/dartmoor-photography-landscape-workshop,"All Photography Workshops, - weekend residential photo workshops, Landscape","snowdonia, weekend",,,Yes
DORSET Landscape Photography Workshop Purbeck 9 Apr,dorset-landscape-photography-workshop,https://www.alanranger.com/photo-workshops-uk/dorset-landscape-photography-workshop,"coastal, All Photography Workshops, - weekend residential photo workshops","dorset, weekend",,,Yes
The Art of GARDEN PHOTOGRAPHY  - Coventry -  May and July,garden-photography-workshop,https://www.alanranger.com/photo-workshops-uk/garden-photography-workshop,"All Photography Workshops, - half-day photo workshops, Flowering, Macro & Abstract","warwickshire, garden",,,Yes
LAKE DISTRICT Photography Workshops - Jan -  Sep - Nov,lake-district-photography-workshop,https://www.alanranger.com/photo-workshops-uk/lake-district-photography-workshop,"All Photography Workshops, - weekend residential photo workshops, Landscape",cumbria,,,Yes
"PEAK DISTRICT Photography Workshops - May, Oct and Nov",landscape-peak-district-photography-workshops-derbyshire,https://www.alanranger.com/photo-workshops-uk/landscape-peak-district-photography-workshops-derbyshire,"All Photography Workshops, - one day photo workshops, Landscape, Woodlands","derbyshire, peak-district",,,Yes
DEVON Landscape Photography  Workshops - Various Dates,landscape-photography-devon-hartland-quay,https://www.alanranger.com/photo-workshops-uk/landscape-photography-devon-hartland-quay,"coastal, All Photography Workshops, - weekend residential photo workshops","devon, weekend",,,Yes
NORFOLK Landscape Photography Workshop  - Coastal 20 - 22 Nov,landscape-photography-workshop-norfolk,https://www.alanranger.com/photo-workshops-uk/landscape-photography-workshop-norfolk,"coastal, All Photography Workshops, - weekend residential photo workshops","norfolk, weekend",,,Yes
ANGLESEY Landscape Photography Workshop -  May 2027,landscape-photography-workshops-anglesey,https://www.alanranger.com/photo-workshops-uk/landscape-photography-workshops-anglesey,"coastal, Landscape, - weekend residential photo workshops",,,,Yes
KENILWORTH Sunset Long Exposure Photography Workshop,long-exposure-photography-kenilworth,https://www.alanranger.com/photo-workshops-uk/long-exposure-photography-kenilworth,"All Photography Workshops, - half-day photo workshops, Landscape","coventry, kenilworth",,,Yes
FAIRY GLEN and Fairy Falls Long Exposure Photography,long-exposure-photography-workshop-fairy-glen,https://www.alanranger.com/photo-workshops-uk/long-exposure-photography-workshop-fairy-glen,"All Photography Workshops, - half-day photo workshops, Landscape",wales,,,Yes
BURNHAM ON SEA Long Exposure Photography Workshop 8 May,long-exposure-photography-workshops-burnham,https://www.alanranger.com/photo-workshops-uk/long-exposure-photography-workshops-burnham,"coastal, All Photography Workshops, - half-day photo workshops","sunrise, sunset, somerset, weekend",,,Yes
PEAK DISTRICT HEATHER Photography Workshops - 14-15 Aug,peak-district-heather-photography-workshop,https://www.alanranger.com/photo-workshops-uk/peak-district-heather-photography-workshop,"All Photography Workshops, - half-day photo workshops, Landscape, Flowering","derbyshire, peak-district",,,Yes
CHESTERTON WINDMILL Photography Workshops - Warwickshire,photography-workshops-chesterton-windmill,https://www.alanranger.com/photo-workshops-uk/photography-workshops-chesterton-windmill,"All Photography Workshops, - half-day photo workshops, Landscape",warwickshire,,,Yes
LAVENDER FIELD Photography Workshop - Glouc or Warks July,photography-workshops-lavender-fields,https://www.alanranger.com/photo-workshops-uk/photography-workshops-lavender-fields,"All Photography Workshops, - half-day photo workshops, Flowering, Landscape","sunrise, sunset, somerset",,,Yes
"The Secret of WOODLAND PHOTOGRAPHY- 1-Day Jan, Apr, Aug, Oct",secrets-of-woodland-photography-workshop,https://www.alanranger.com/photo-workshops-uk/secrets-of-woodland-photography-workshop,"All Photography Workshops, - one day photo workshops, Macro & Abstract, Woodlands",warwickshire,,,Yes
SUFFOLK Landscape Photography Workshops - 5th-7th Feb,suffolk-landscape-photography-workshops,https://www.alanranger.com/photo-workshops-uk/suffolk-landscape-photography-workshops,"coastal, - weekend residential photo workshops","suffolk, long exposure, coastline",,,Yes
URBAN ARCHITECTURE Photography Workshops - Coventry 9 Sep,urban-architecture-photography-workshops-coventry,https://www.alanranger.com/photo-workshops-uk/urban-architecture-photography-workshops-coventry,"All Photography Workshops, - half-day photo workshops, Urban","coventry, long exposure, architecture, urban",,,Yes
WALES Photography Workshop | Lake Vyrnwy 10-11 Oct,wales-photography-workshop-pistyll-rhaeadr,https://www.alanranger.com/photo-workshops-uk/wales-photography-workshop-pistyll-rhaeadr,"All Photography Workshops, - weekend residential photo workshops, Landscape","wales, weekend",,,Yes
WARWICKSHIRE Woodland PHOTOGRAPHY WALKS - Monthly - 2hrs,woodland-photography-walk-warwickshire,https://www.alanranger.com/photo-workshops-uk/woodland-photography-walk-warwickshire,"All Photography Workshops, - half-day photo workshops, Woodlands",,,,Yes
YORKSHIRE DALES Landscape  Photography Workshop - 16 - 18 Apr,yorkshire-dales-photography-workshops,https://www.alanranger.com/photo-workshops-uk/yorkshire-dales-photography-workshops,"All Photography Workshops, - weekend residential photo workshops, Landscape",yorkshire-dales,,,Yes
