url,category
https://www.alanranger.com/photographic-workshops-near-me,service
https://www.alanranger.com/blog-on-photography,landing
https://www.alanranger.com/home,landing
https://www.alanranger.com/photography-news-blog,landing
https://www.alanranger.com/newsletter-signup-form,landing
https://www.alanranger.com/photography-gift-vouchers,service
https://www.alanranger.com/private-photography-lessons,service
https://www.alanranger.com/photography-payment-plan,service
https://www.alanranger.com/photography-mentoring-online-assignments,service
https://www.alanranger.com/awards-and-qualifications,landing
https://www.alanranger.com/terms-and-conditions,landing
https://www.alanranger.com/free-photography-tips,landing
https://www.alanranger.com/about-alan-ranger,landing
https://www.alanranger.com/photography-special-offers,service
https://www.alanranger.com/photography-tuition-services,service
https://www.alanranger.com/photography-equipment-recommendations,service
https://www.alanranger.com/help-portrait-uk-coventry,landing
https://www.alanranger.com/course-finder-photography-classes-near-me,service
https://www.alanranger.com/photography-workshops,service
https://www.alanranger.com/website-terms-and-conditions,landing
https://www.alanranger.com/data-privacy-policy,landing
https://www.alanranger.com/website-cookie-policy,landing
https://www.alanranger.com/copyright-policy-alan-ranger,landing
https://www.alanranger.com/testimonials-customer-reviews,landing
https://www.alanranger.com/bluebell-woods-near-me,service
https://www.alanranger.com/batsford-arboretum-photography,service
https://www.alanranger.com/schedule-an-appointment,landing
https://www.alanranger.com/gallery-image-portfolios,landing
https://www.alanranger.com/photography-courses-coventry,service
https://www.alanranger.com/beginners-photography-classes,service
https://www.alanranger.com/rps-courses-mentoring-distinctions,service
https://www.alanranger.com/photo-editing-course-coventry,service
https://www.alanranger.com/jaguar-land-rover-els,service
https://www.alanranger.com/landscape-photography-workshops,service
https://www.alanranger.com/fine-art-prints,service
https://www.alanranger.com/beginners-portrait-photography-course,service
https://www.alanranger.com/my-ethical-policy,landing
https://www.alanranger.com/photography-workshops-near-me,service
https://www.alanranger.com/help-site-map,landing
https://www.alanranger.com/contact-us-alan-ranger-photography,landing
https://www.alanranger.com/corporate-photography-training,service
https://www.alanranger.com/professional-commercial-photographer-coventry,service
https://www.alanranger.com/professional-photographer-near-me,service
https://www.alanranger.com/photography-lessons-online-121,service
https://www.alanranger.com/free-online-photography-course,service
https://www.alanranger.com/which-photography-style-is-right-for-you,landing
https://www.alanranger.com/outdoor-photography-exposure-calculator,landing
https://www.alanranger.com/academy/login,service
https://www.alanranger.com/property-photographer-coventry,service
https://www.alanranger.com/hire-a-professional-photographer-in-coventry,service
https://www.alanranger.com/photography-services-near-me,service
https://www.alanranger.com/photo-workshops-uk,service
