product,slug,reviewCount,avgRating
Lightroom Courses for Beginners Photo Editing - Coventry,lightroom-courses-for-beginners-coventry,25,4.84
RPS Courses - Independent RPS Mentoring for RPS Distinctions,rps-mentoring-photography-course,13,4.92
Professional Digital DSLR Camera Sensor Clean | Coventry,camera-sensor-clean,11,5.0
WARWICKSHIRE Woodland PHOTOGRAPHY WALKS - Monthly - 2hrs,woodland-photography-walk-warwickshire,25,4.92
4 x 2hr Private Photography Classes - Face to Face Coventry,four-private-photography-classes,19,4.95
BATSFORD Arboretum Autumn Photography Workshops 23 - 31 Oct,batsford-arboretum-photography-workshops,25,4.96
Monthly Pick N Mix Subscription | Interest Free Payment Plan,monthly-pick-n-mix-subscription,1,5.0
BLUEBELL WOODLANDS Photography - Warks - 20 Apr - 30 Apr,bluebell-woodlands-photography-workshops,25,4.88
Annual Pick N Mix Subscription | Interest Free Payment Plan,annual-pick-n-mix-subscription,2,5.0
Quarterly Pick N Mix Subscription | Interest Free Payments,quarterly-pick-n-mix-subscription,3,4.67
Beginners Photography Course | 3 Weekly Evening Classes,beginners-photography-course,25,5.0
Intermediates Intentions Photography Project Course,intermediates-intentions-photography-project-course,6,5.0
DEVON Landscape Photography  Workshops - Various Dates,landscape-photography-devon-hartland-quay,8,5.0
CHESTERTON WINDMILL Photography Workshops - Warwickshire,photography-workshops-chesterton-windmill,7,4.71
FAIRY GLEN and Fairy Falls Long Exposure Photography,long-exposure-photography-workshop-fairy-glen,2,5.0
LAVENDER FIELD Photography Workshop - Glouc or Warks July,photography-workshops-lavender-fields,5,4.8
Poppy Fields Photography Workshops | Worcestershire,poppy-fields-photography-workshops,11,4.82
BURNHAM ON SEA Long Exposure Photography Workshop 8 May,long-exposure-photography-workshops-burnham,1,4.0
LAKE DISTRICT Photography Workshops - Jan - Mar - Sep - Nov,lake-district-photography-workshop,21,4.95
Fine Art Photography Prints - Canvas wrap-round - Multi Size,fine-art-photography-prints-canvas,3,5.0
Fine Art Photography Prints - Unframed Prints - Multi Sizes,fine-art-photography-prints-unframed,5,4.8
"PEAK DISTRICT Photography Workshops - May, Oct and Nov",landscape-peak-district-photography-workshops-derbyshire,12,4.92
Framed Fine Art Photography Prints - Multiple Sizes,framed-fine-art-photography-prints,4,5.0
NORTHUMBERLAND Photography Workshops - Mar 18 - 21,coastal-northumberland-photography-workshops,11,4.82
ANGLESEY Landscape Photography Workshop -  May 2027,landscape-photography-workshops-anglesey,7,4.71
NANT MILL Woodlands and Waterfalls Photo Workshop 7 Jun,landscape-photography-workshops-nant-mill,2,5.0
KERRY - Southern Ireland Photography Workshop - Mar 2026,ireland-photography-workshops-dingle,3,5.0
NORFOLK Landscape Photography Workshop  - Coastal 20 - 22 Nov,landscape-photography-workshop-norfolk,4,4.75
Beginners Portrait Photography Course - Coventry 11 Oct -25,beginners-portrait-photography-course,1,5.0
SUFFOLK Landscape Photography Workshops - 5th-7th Feb,suffolk-landscape-photography-workshops,7,5.0
MACRO Photography Workshops Warwickshire - Various,abstract-and-macro-photography-workshops,19,4.89
NORTH YORKSHIRE Landscape Photography Workshop - Jun 2027,north-yorkshire-landscape-photography,5,5.0
Christmas Photography Seasonal Workshops - Warwickshire UK,christmas-photography-workshops,2,5.0
YORKSHIRE DALES Landscape  Photography Workshop - 16 - 18 Apr,yorkshire-dales-photography-workshops,7,5.0
WALES Photography Workshop | Lake Vyrnwy 10-11 Oct,wales-photography-workshop-pistyll-rhaeadr,4,5.0
DORSET Landscape Photography Workshop Purbeck 9 Apr,dorset-landscape-photography-workshop,4,5.0
URBAN ARCHITECTURE Photography Workshops - Coventry 9 Sep,urban-architecture-photography-workshops-coventry,11,4.91
KENILWORTH Sunset Long Exposure Photography Workshop,long-exposure-photography-kenilworth,13,4.92
SNOWDONIA Landscape Photography  - Sat 6 - Sun 7 Mar 2027,landscape-photography-snowdonia-workshops,7,5.0
The Art of GARDEN PHOTOGRAPHY  - Coventry -  May and July,garden-photography-workshop,5,4.6
GOWER Landscape Photography Wales - 28 May - 30 May 2027,landscape-photography-wales-photo-workshop,1,5.0
Fireworks Photography Workshop | Long Exposure | Kenilworth,fireworks-photography-workshop-kenilworth,6,4.83
EXMOOR Photography Workshop - Sat 12 - Sun 13 Jun 2027,exmoor-photography-workshops-lynmouth,1,5.0
SEZINCOTE Garden Photography Workshop - Gloucs 29 May,sezincote-garden-photography-workshop,1,5.0
PEAK DISTRICT HEATHER Photography Workshops - 14-15 Aug,peak-district-heather-photography-workshop,14,5.0
"The Secret of WOODLAND PHOTOGRAPHY- 1-Day Jan, Apr, Aug, Oct",secrets-of-woodland-photography-workshop,25,4.96
DARTMOOR Photography Workshop - Landscapes - 2nd - 4th Apr,dartmoor-photography-landscape-workshop,2,4.5
Online Photography Classes 121 - Zoom - Package Options,private-online-photography-classes-zoom,20,5.0
1 x 2hr Private Photography Classes - Face to Face Coventry,2hr-private-photography-classes-2hr,0,
Photography Gift Vouchers | Digital eCard | Email Delivery,photography-gift-vouchers,1,5.0
Professional Black and White Photography Course | Coventry,black-and-white-photography-course,0,
Photography Masterclasses-Learn and improve your photography,photography-masterclasses-coventry,15,4.8
Photography Mentor Online — Monthly Mentoring,photography-mentoring-online-assignments,4,5.0
Free Online Photography Course,free-online-photography-course,3,5.0
