slug_key,product_slug,url,category,page_type,catalog_source,target_keyword,product_title,review_count_total,review_count_active,review_count_excluded,has_reviews,sample_quote
"jaguar-land-rover-els","jaguar-land-rover-els","https://www.alanranger.com/jaguar-land-rover-els","landing","landing","landing_pages_csv","","","0","0","0","no",""
"my-ethical-policy","my-ethical-policy","https://www.alanranger.com/my-ethical-policy","landing","landing","landing_pages_csv","","","0","0","0","no",""
"outdoor-photography-exposure-calculator","outdoor-photography-exposure-calculator","https://www.alanranger.com/outdoor-photography-exposure-calculator","landing","landing","landing_pages_csv","","","0","0","0","no",""
"photo-workshops-uk","photo-workshops-uk","https://www.alanranger.com/photo-workshops-uk","service","service","landing_pages_csv","","","0","0","0","no",""
"photographic-workshops-near-me","photographic-workshops-near-me","https://www.alanranger.com/photographic-workshops-near-me","service","service","landing_pages_csv","","","0","0","0","no",""
"photographic-workshops-near-me/abstract-and-macro-photography-workshop","abstract-and-macro-photography-workshop","https://www.alanranger.com/photographic-workshops-near-me/abstract-and-macro-photography-workshop","event","event","landing_pages_csv","","","0","0","0","no",""
"photographic-workshops-near-me/abstract-and-macro-photography-workshop-coventry","abstract-and-macro-photography-workshop-coventry","https://www.alanranger.com/photographic-workshops-near-me/abstract-and-macro-photography-workshop-coventry","event","event","landing_pages_csv","","","0","0","0","no",""
"photographic-workshops-near-me/anglesey-photography-workshop-wales","anglesey-photography-workshop-wales","https://www.alanranger.com/photographic-workshops-near-me/anglesey-photography-workshop-wales","event","event","landing_pages_csv","","","0","0","0","no",""
"photographic-workshops-near-me/batsford-arboretum-autumn-photography-1nov","batsford-arboretum-autumn-photography-1nov","https://www.alanranger.com/photographic-workshops-near-me/batsford-arboretum-autumn-photography-1nov","event","event","landing_pages_csv","","","0","0","0","no",""
"photographic-workshops-near-me/batsford-arboretum-autumn-photography-29oct","batsford-arboretum-autumn-photography-29oct","https://www.alanranger.com/photographic-workshops-near-me/batsford-arboretum-autumn-photography-29oct","event","event","landing_pages_csv","","","0","0","0","no",""
"photographic-workshops-near-me/batsford-arboretum-autumn-photography-2nov","batsford-arboretum-autumn-photography-2nov","https://www.alanranger.com/photographic-workshops-near-me/batsford-arboretum-autumn-photography-2nov","event","event","landing_pages_csv","","","0","0","0","no",""
"photographic-workshops-near-me/batsford-arboretum-autumn-photography-30oct","batsford-arboretum-autumn-photography-30oct","https://www.alanranger.com/photographic-workshops-near-me/batsford-arboretum-autumn-photography-30oct","event","event","landing_pages_csv","","","0","0","0","no",""
"photographic-workshops-near-me/batsford-arboretum-autumn-photography-31oct","batsford-arboretum-autumn-photography-31oct","https://www.alanranger.com/photographic-workshops-near-me/batsford-arboretum-autumn-photography-31oct","event","event","landing_pages_csv","","","0","0","0","no",""
"photographic-workshops-near-me/batsford-arboretum-autumn-photography-3nov","batsford-arboretum-autumn-photography-3nov","https://www.alanranger.com/photographic-workshops-near-me/batsford-arboretum-autumn-photography-3nov","event","event","landing_pages_csv","","","0","0","0","no",""
"photographic-workshops-near-me/bluebell-photography-photo-workshop-warwickshire-17","bluebell-photography-photo-workshop-warwickshire-17","https://www.alanranger.com/photographic-workshops-near-me/bluebell-photography-photo-workshop-warwickshire-17","event","event","landing_pages_csv","","","0","0","0","no",""
"photographic-workshops-near-me/bluebell-photography-photo-workshop-warwickshire-18","bluebell-photography-photo-workshop-warwickshire-18","https://www.alanranger.com/photographic-workshops-near-me/bluebell-photography-photo-workshop-warwickshire-18","event","event","landing_pages_csv","","","0","0","0","no",""
"photographic-workshops-near-me/bluebell-photography-photo-workshop-warwickshire-19","bluebell-photography-photo-workshop-warwickshire-19","https://www.alanranger.com/photographic-workshops-near-me/bluebell-photography-photo-workshop-warwickshire-19","event","event","landing_pages_csv","","","0","0","0","no",""
"photographic-workshops-near-me/bluebell-photography-photo-workshop-warwickshire-20","bluebell-photography-photo-workshop-warwickshire-20","https://www.alanranger.com/photographic-workshops-near-me/bluebell-photography-photo-workshop-warwickshire-20","event","event","landing_pages_csv","","","0","0","0","no",""
"photographic-workshops-near-me/bluebell-photography-photo-workshop-warwickshire-21","bluebell-photography-photo-workshop-warwickshire-21","https://www.alanranger.com/photographic-workshops-near-me/bluebell-photography-photo-workshop-warwickshire-21","event","event","landing_pages_csv","","","0","0","0","no",""
"photographic-workshops-near-me/bluebell-photography-photo-workshop-warwickshire-22","bluebell-photography-photo-workshop-warwickshire-22","https://www.alanranger.com/photographic-workshops-near-me/bluebell-photography-photo-workshop-warwickshire-22","event","event","landing_pages_csv","","","0","0","0","no",""
"photographic-workshops-near-me/bluebell-photography-photo-workshop-warwickshire-23","bluebell-photography-photo-workshop-warwickshire-23","https://www.alanranger.com/photographic-workshops-near-me/bluebell-photography-photo-workshop-warwickshire-23","event","event","landing_pages_csv","","","0","0","0","no",""
"photographic-workshops-near-me/bluebell-photography-photo-workshop-warwickshire-24","bluebell-photography-photo-workshop-warwickshire-24","https://www.alanranger.com/photographic-workshops-near-me/bluebell-photography-photo-workshop-warwickshire-24","event","event","landing_pages_csv","","","0","0","0","no",""
"photographic-workshops-near-me/bluebell-photography-photo-workshop-warwickshire-25","bluebell-photography-photo-workshop-warwickshire-25","https://www.alanranger.com/photographic-workshops-near-me/bluebell-photography-photo-workshop-warwickshire-25","event","event","landing_pages_csv","","","0","0","0","no",""
"photographic-workshops-near-me/bluebell-photography-photo-workshop-warwickshire-29","bluebell-photography-photo-workshop-warwickshire-29","https://www.alanranger.com/photographic-workshops-near-me/bluebell-photography-photo-workshop-warwickshire-29","event","event","landing_pages_csv","","","0","0","0","no",""
"photographic-workshops-near-me/bluebell-photography-photo-workshop-warwickshire-30","bluebell-photography-photo-workshop-warwickshire-30","https://www.alanranger.com/photographic-workshops-near-me/bluebell-photography-photo-workshop-warwickshire-30","event","event","landing_pages_csv","","","0","0","0","no",""
"photographic-workshops-near-me/dartmoor-photography-workshop-woodlands","dartmoor-photography-workshop-woodlands","https://www.alanranger.com/photographic-workshops-near-me/dartmoor-photography-workshop-woodlands","event","event","landing_pages_csv","","","0","0","0","no",""
"photographic-workshops-near-me/dorset-photography-workshop","dorset-photography-workshop","https://www.alanranger.com/photographic-workshops-near-me/dorset-photography-workshop","event","event","landing_pages_csv","","","0","0","0","no",""
"photo-workshops-uk/landscape-photography-snowdonia-workshops","landscape-photography-snowdonia-workshops","https://www.alanranger.com/photo-workshops-uk/landscape-photography-snowdonia-workshops","workshop (residential)","workshop","canonical_products","","Landscape Photography SNOWDONIA - Sat 26 - Sun 27 Sep 2026","5","5","0","yes","Alan has a gentle approach to those people who are on a learning curve whilst being technical and knowledgeable to the more experienced photographer. Good patient manner with a sense of humour. well o"
"photography-workshops","photography-workshops","https://www.alanranger.com/photography-workshops","service hub","service","service_hub","","Photography Workshops (residential hub)","0","0","0","no",""
"photo-workshops-uk/landscape-photography-workshops-nant-mill","landscape-photography-workshops-nant-mill","https://www.alanranger.com/photo-workshops-uk/landscape-photography-workshops-nant-mill","workshop (half-day)","workshop","canonical_products","","NANT MILL Woodlands and Waterfalls Photo Workshop 30 May","2","2","0","yes","An excellent weekend of photography with lots of variety and plenty of time for 1-2-1 tuition and group reviews."
"landscape-photography-workshops","landscape-photography-workshops","https://www.alanranger.com/landscape-photography-workshops","service hub","service","service_hub","","Landscape Photography Workshops (half-day, 2.5-4hr hub)","0","0","0","no",""
"photo-workshops-uk/suffolk-landscape-photography-workshops","suffolk-landscape-photography-workshops","https://www.alanranger.com/photo-workshops-uk/suffolk-landscape-photography-workshops","workshop (residential)","workshop","canonical_products","","SUFFOLK Landscape Photography Workshops - 5th-7th Feb","5","5","0","yes","Really enjoyable despite the challenges set by Storm Dennis.  Learnt a lot"
"photography-services-near-me/annual-pick-n-mix-subscription","annual-pick-n-mix-subscription","https://www.alanranger.com/photography-services-near-me/annual-pick-n-mix-subscription","subscription/payment-plan","product","canonical_products","","Annual Pick N Mix Subscription | Interest Free Payment Plan","3","3","0","yes","I used to shoot everything on auto settings. Aperture and shutter speeds were a mystery to me. I was always disappointed when I tried to capture pretty Christmas lights. Pinpoints of light in a sea of"
"photography-payment-plan","photography-payment-plan","https://www.alanranger.com/photography-payment-plan","service hub","service","service_hub","","Photography Payment Plan (Pick N Mix)","0","0","0","no",""
"photography-services-near-me/photography-masterclasses-coventry","photography-masterclasses-coventry","https://www.alanranger.com/photography-services-near-me/photography-masterclasses-coventry","course","course","canonical_products","","Photography Masterclasses-Learn and improve your photography","0","0","0","no",""
"photography-courses-coventry","photography-courses-coventry","https://www.alanranger.com/photography-courses-coventry","service hub","service","service_hub","","Photography Courses Coventry","0","0","0","no",""
"photography-services-near-me/rps-mentoring-photography-course","rps-mentoring-photography-course","https://www.alanranger.com/photography-services-near-me/rps-mentoring-photography-course","1-2-1","product","canonical_products","","RPS Mentoring Course (historical)","2","2","0","yes","I have recently completed a mentoring course with Alan. This was to help me prepare for a submission of a panel of work to gain my LRPS. I learned a huge amount in terms of composition, processing, te"
"rps-courses-mentoring-distinctions","rps-courses-mentoring-distinctions","https://www.alanranger.com/rps-courses-mentoring-distinctions","service hub","service","service_hub","","RPS Courses Mentoring Distinctions","0","0","0","no",""
"photography-services-near-me/camera-settings-photography-field-checklists","camera-settings-photography-field-checklists","https://www.alanranger.com/photography-services-near-me/camera-settings-photography-field-checklists","academy","academy","canonical_products","","15 Camera Settings — Photography Field Checklists PDF Bundle","0","0","0","no",""
"free-online-photography-course","free-online-photography-course","https://www.alanranger.com/free-online-photography-course","service hub","service","service_hub","","Photography Shop & Services","0","0","0","no",""
"photography-services-near-me/photography-genre-photography-field-checklists","photography-genre-photography-field-checklists","https://www.alanranger.com/photography-services-near-me/photography-genre-photography-field-checklists","academy","academy","canonical_products","","10 Genre PDFs — Photography Field Checklists Bundle","0","0","0","no",""
"photography-services-near-me/04-top-10-tips-to-better-composition","04-top-10-tips-to-better-composition","https://www.alanranger.com/photography-services-near-me/04-top-10-tips-to-better-composition","academy","academy","canonical_products","","#04 Top 10 Tips - To better composition | Professional Tips","0","0","0","no",""
"photography-services-near-me/05-top-10-tips-to-better-portraits","05-top-10-tips-to-better-portraits","https://www.alanranger.com/photography-services-near-me/05-top-10-tips-to-better-portraits","academy","academy","canonical_products","","#05 Top 10 Tips - To better portraits | Professional Tips","0","0","0","no",""
"photography-services-near-me/06-top-10-tips-to-better-landscapes","06-top-10-tips-to-better-landscapes","https://www.alanranger.com/photography-services-near-me/06-top-10-tips-to-better-landscapes","academy","academy","canonical_products","","#06 Top 10 Tips - To better landscapes | Professional Tips","0","0","0","no",""
"photography-services-near-me/07-top-10-tips-to-better-bw-photos","07-top-10-tips-to-better-bw-photos","https://www.alanranger.com/photography-services-near-me/07-top-10-tips-to-better-bw-photos","academy","academy","canonical_products","","#07 Top 10 Tips - To better Black and white photos","0","0","0","no",""
"photography-services-near-me/foundation-digital-pack-plus","foundation-digital-pack-plus","https://www.alanranger.com/photography-services-near-me/foundation-digital-pack-plus","academy","academy","canonical_products","","Foundation Digital Pack – 60 Modules, Checklists & Exams","0","0","0","no",""
"photography-services-near-me/photography-35bundle-photography-field-checklists","photography-35bundle-photography-field-checklists","https://www.alanranger.com/photography-services-near-me/photography-35bundle-photography-field-checklists","academy","academy","canonical_products","","35 PDFs — 1 Page Photography Field Checklists Bundle","0","0","0","no",""
"photography-services-near-me/photography-foundation-course-ebook","photography-foundation-course-ebook","https://www.alanranger.com/photography-services-near-me/photography-foundation-course-ebook","academy","academy","canonical_products","","Alan Ranger Academy - Photography Foundation Course eBook","17","17","0","yes","My son went on the course at Brandon Marshes and produced some really fantastic photos.  He had taken photography at GCSE and was doing the Arts Award.  He thought he had learnt more with Alan than th"
"hire-a-professional-photographer-in-coventry","hire-a-professional-photographer-in-coventry","https://www.alanranger.com/hire-a-professional-photographer-in-coventry","service hub","service","service_hub","","https://www.alanranger.com/hire-a-professional-photographer-in-coventry","0","0","0","no",""
"professional-photographer-near-me","professional-photographer-near-me","https://www.alanranger.com/professional-photographer-near-me","service hub","service","service_hub","Professional Headshots in Coventry","https://www.alanranger.com/professional-photographer-near-me","0","0","0","no",""
"photo-workshops-uk/abstract-and-macro-photography-workshops","abstract-and-macro-photography-workshops","https://www.alanranger.com/photo-workshops-uk/abstract-and-macro-photography-workshops","workshop (half-day)","workshop","canonical_products","","MACRO Photography Workshops Warwickshire - Various","8","8","0","yes","Alan provided an excellent introduction to SLR/bridge camera photography with good examples."
"photo-workshops-uk/batsford-arboretum-photography-workshops","batsford-arboretum-photography-workshops","https://www.alanranger.com/photo-workshops-uk/batsford-arboretum-photography-workshops","workshop (1-day)","workshop","canonical_products","","BATSFORD Arboretum Autumn Photography Workshops 23 - 31 Oct","94","93","1","yes","Alan clearly has a great enthusiasm for photography that he loves to share. He easily adapts his teaching style to suit each person’s individual needs. (Now if he could just get a better line through "
"one-day-landscape-photography-workshops","one-day-landscape-photography-workshops","https://www.alanranger.com/one-day-landscape-photography-workshops","service hub","service","service_hub","","One-Day Landscape Photography Workshops","0","0","0","no",""
"photo-workshops-uk/bluebell-woodlands-photography-workshops","bluebell-woodlands-photography-workshops","https://www.alanranger.com/photo-workshops-uk/bluebell-woodlands-photography-workshops","workshop (1-day)","workshop","canonical_products","","BLUEBELL WOODLANDS Photography - Warks - 20 Apr- 30 Apr","63","61","2","yes","This is a great photography course! I had very little knowledge about photography and a lot of questions… Alan is super knowledgeable, patient and takes the time to answer and explain all your doubts."
"photo-workshops-uk/brandon-marsh-nature-reserve-photography-workshop","brandon-marsh-nature-reserve-photography-workshop","https://www.alanranger.com/photo-workshops-uk/brandon-marsh-nature-reserve-photography-workshop","workshop","workshop","canonical_products","","Brandon Marsh Photography Workshop | Nature Reserve Coventry","0","0","0","no",""
"photo-workshops-uk/christmas-photography-workshops","christmas-photography-workshops","https://www.alanranger.com/photo-workshops-uk/christmas-photography-workshops","workshop (half-day)","workshop","canonical_products","","Christmas Photography Seasonal Workshops | Warwickshire","2","1","1","yes","I attended one of Alan's beginner sessions after buying a voucher from Groupon and it was certainly worth it. He gave an excellent introduction to a total novice who likes to just point and click!! It"
"photo-workshops-uk/coastal-northumberland-photography-workshops","coastal-northumberland-photography-workshops","https://www.alanranger.com/photo-workshops-uk/coastal-northumberland-photography-workshops","workshop (residential)","workshop","canonical_products","","NORTHUMBERLAND Photography Workshops - Mar 18 - 21","10","10","0","yes","Friday through Sunday, some great locations and a different eye on them too, rather than just the usual 'tourist' shots Good cottage to stay in.  Adaptable to conditions and what people wanted to do."
"photo-workshops-uk/cotswolds-landscape-photography-workshop","cotswolds-landscape-photography-workshop","https://www.alanranger.com/photo-workshops-uk/cotswolds-landscape-photography-workshop","workshop (1-day)","workshop","canonical_products","","North Cotswolds Landscape Photography Workshop | 1 Day","0","0","0","no",""
"photo-workshops-uk/dartmoor-photography-landscape-workshop","dartmoor-photography-landscape-workshop","https://www.alanranger.com/photo-workshops-uk/dartmoor-photography-landscape-workshop","workshop (residential)","workshop","canonical_products","","DARTMOOR Photography Workshop - Landscapes - 9th - 11th Oct","3","2","1","yes","I’ve completed a wide range of courses and workshops with Alan, I’ve enjoyed all of them and I would recommend him to anyone. His time, patience and vision for photography has taken me from someone wh"
"photo-workshops-uk/dorset-landscape-photography-workshop","dorset-landscape-photography-workshop","https://www.alanranger.com/photo-workshops-uk/dorset-landscape-photography-workshop","workshop (residential)","workshop","canonical_products","","DORSET Landscape Photography Workshop Purbeck 25 - 27 Sep","4","3","1","yes","Expert individual attention focusing on composition of the photograph and best use of equipment."
"photo-workshops-uk/exmoor-photography-workshops-lynmouth","exmoor-photography-workshops-lynmouth","https://www.alanranger.com/photo-workshops-uk/exmoor-photography-workshops-lynmouth","workshop (residential)","workshop","canonical_products","","EXMOOR Photography Workshop - Sat 18 - Sun 19 Jul 2026","2","1","1","yes","I was only able to spend one day of the weekend, but Alan made me very welcome. It was my first proper workshop and I look forward to doing more in the future as I came away with lots of ideas and thi"
"photo-workshops-uk/fireworks-photography-workshop-kenilworth","fireworks-photography-workshop-kenilworth","https://www.alanranger.com/photo-workshops-uk/fireworks-photography-workshop-kenilworth","workshop (half-day)","workshop","canonical_products","","Fireworks Photography Workshop | Long Exposure | Kenilworth","5","5","0","yes","Fireworks photography. Guidance and instructions at the start of  the workshop, then Alan helped everyone as the fireworks started.  Thoroughly enjoyed the evening, great value."
"photo-workshops-uk/garden-photography-workshop","garden-photography-workshop","https://www.alanranger.com/photo-workshops-uk/garden-photography-workshop","workshop (half-day)","workshop","canonical_products","","The Art of GARDEN PHOTOGRAPHY  - Coventry -  May and July","3","3","0","yes","As a complete beginner I booked my workshop at Batford Arboretum with considerable aprehension. I needn't have worried.  Alan was very patient and explained the rudiments of manual photography in a ve"
"photo-workshops-uk/ireland-photography-workshops-dingle","ireland-photography-workshops-dingle","https://www.alanranger.com/photo-workshops-uk/ireland-photography-workshops-dingle","workshop (residential)","workshop","canonical_products","","KERRY - Southern Ireland Photography Workshop - Mar 2026","2","2","0","yes","A fabulous week with Alan in the south of France. A great variety of locations with personalised tuition."
"photo-workshops-uk/lake-district-photography-workshop","lake-district-photography-workshop","https://www.alanranger.com/photo-workshops-uk/lake-district-photography-workshop","workshop (residential)","workshop","canonical_products","","LAKE DISTRICT Photography Workshops - Jan - Mar - Sep - Nov","20","20","0","yes","Wonderful experience no matter what you ability. Excellent grounding in the basics. Enabling understanding of your camera.  It hooves you the chance to try different aspects. Skills and ideas to get y"
"photo-workshops-uk/landscape-peak-district-photography-workshops-derbyshire","landscape-peak-district-photography-workshops-derbyshire","https://www.alanranger.com/photo-workshops-uk/landscape-peak-district-photography-workshops-derbyshire","workshop (1-day)","workshop","canonical_products","","PEAK DISTRICT Photography Workshops - May, Oct and Nov","10","10","0","yes","A fantastic day out to a truly magical place.  Alan was great throughout the whole day giving out lots of one to one advice and guidance which was appreciated and made me see things differently.  I wo"
"photo-workshops-uk/landscape-photography-devon-hartland-quay","landscape-photography-devon-hartland-quay","https://www.alanranger.com/photo-workshops-uk/landscape-photography-devon-hartland-quay","workshop (residential)","workshop","canonical_products","","Landscape Photography DEVON Workshops - Various Dates","4","4","0","yes","Despite absolutely appalling weather, I had an amazing weekend at Hartland Quay and its environs with Alan. His enthusiasm to capture images and learn photography in the most challenging conditions wa"
"photo-workshops-uk/landscape-photography-wales-photo-workshop","landscape-photography-wales-photo-workshop","https://www.alanranger.com/photo-workshops-uk/landscape-photography-wales-photo-workshop","workshop (residential)","workshop","canonical_products","","GOWER Landscape Photography Wales - 28 Aug - 30 Aug 2026","4","3","1","yes","I learnt so much from the 'Get Off Auto' course. The sessions were well explained with visual examples, along with a printed guide to everything that was covered. Each week's homework challenged my sk"
"photo-workshops-uk/landscape-photography-workshop-norfolk","landscape-photography-workshop-norfolk","https://www.alanranger.com/photo-workshops-uk/landscape-photography-workshop-norfolk","workshop (residential)","workshop","canonical_products","","Landscape Photography Workshop NORFOLK - Coastal 20 - 22 Nov","5","5","0","yes","A fantastic three days in Norfolk with Alan. The weekend was planned really thoroughly to ensure we had a great selection of locations and spent a minimum amount of time in the car - although the agen"
"photo-workshops-uk/landscape-photography-workshops-anglesey","landscape-photography-workshops-anglesey","https://www.alanranger.com/photo-workshops-uk/landscape-photography-workshops-anglesey","workshop (residential)","workshop","canonical_products","","ANGLESEY Landscape Photography Workshop -  May 2027","5","5","0","yes","Just back from a other workshop in Wales with Alan.  As usual it was packed with a range of locations with a chance to practice different photographic styles, all with Alan on hand to answer questions"
"photo-workshops-uk/landscape-photography-workshops-glencoe","landscape-photography-workshops-glencoe","https://www.alanranger.com/photo-workshops-uk/landscape-photography-workshops-glencoe","workshop (residential)","workshop","canonical_products","","Landscape Photography Workshop Glencoe | 15 - 17 Mar 2021","0","0","0","no",""
"photo-workshops-uk/long-exposure-photography-kenilworth","long-exposure-photography-kenilworth","https://www.alanranger.com/photo-workshops-uk/long-exposure-photography-kenilworth","workshop (half-day)","workshop","canonical_products","","Long Exposure Photography Workshop KENILWORTH Sunset","14","14","0","yes","He definitely knows his stuff ! And very helpful."
"photo-workshops-uk/long-exposure-photography-workshop-fairy-glen","long-exposure-photography-workshop-fairy-glen","https://www.alanranger.com/photo-workshops-uk/long-exposure-photography-workshop-fairy-glen","workshop (half-day)","workshop","canonical_products","","FAIRY GLEN and Fairy Falls Long Exposure Photography","2","2","0","yes","Very good tuition with excellent results"
"photo-workshops-uk/long-exposure-photography-workshops-burnham","long-exposure-photography-workshops-burnham","https://www.alanranger.com/photo-workshops-uk/long-exposure-photography-workshops-burnham","workshop (half-day)","workshop","canonical_products","","BURNHAM ON SEA Long Exposure Photography Workshop 1 Aug","1","1","0","yes",""
"photo-workshops-uk/north-yorkshire-landscape-photography","north-yorkshire-landscape-photography","https://www.alanranger.com/photo-workshops-uk/north-yorkshire-landscape-photography","workshop (residential)","workshop","canonical_products","","NORTH YORKSHIRE Landscape Photography Workshop - Sep 2026","14","3","11","yes","Alan is an excellent mentor. His honest, accurate critiques, eagle eye and meticulous attention to detail make him an ideal support in preparing for any photographic recognition  I unreservedly recomm"
"photo-workshops-uk/peak-district-heather-photography-workshop","peak-district-heather-photography-workshop","https://www.alanranger.com/photo-workshops-uk/peak-district-heather-photography-workshop","workshop (half-day)","workshop","canonical_products","","PEAK DISTRICT HEATHER Photography Workshops - 15-16 Aug","4","4","0","yes","The course was detailed with Alan having very good technique of teaching. He made me want to learn more. Thanks Alan"
"photo-workshops-uk/photography-workshops-chesterton-windmill","photography-workshops-chesterton-windmill","https://www.alanranger.com/photo-workshops-uk/photography-workshops-chesterton-windmill","workshop (half-day)","workshop","canonical_products","","Photography Workshops CHESTERTON WINDMILL - Warwickshire","7","7","0","yes","Wonderful Photographer and Trainer. I have attended several courses and enjoyed everyone. Had a really great time. Excellent class."
"photo-workshops-uk/photography-workshops-lavender-fields","photography-workshops-lavender-fields","https://www.alanranger.com/photo-workshops-uk/photography-workshops-lavender-fields","workshop (half-day)","workshop","canonical_products","","LAVENDER FIELD Photography Workshop - Gloucestershire July","4","4","0","yes","Being an absolute novice to photography, since buying a entry level dlsr I've become more curious about the science around photography techniques.    Alan's introduction session was both informative a"
"photo-workshops-uk/poppy-fields-photography-workshops","poppy-fields-photography-workshops","https://www.alanranger.com/photo-workshops-uk/poppy-fields-photography-workshops","workshop (half-day)","workshop","canonical_products","","Poppy Fields Photography Workshops | Worcestershire","11","11","0","yes","I appreciated the expert tuition which was available if requested, but also being allowed to just get on without being fussed over."
"photo-workshops-uk/secrets-of-woodland-photography-workshop","secrets-of-woodland-photography-workshop","https://www.alanranger.com/photo-workshops-uk/secrets-of-woodland-photography-workshop","workshop (1-day)","workshop","canonical_products","","The Secret of WOODLAND PHOTOGRAPHY- 1-Day Jan, Apr, Aug, Oct","22","21","1","yes","Went on a woodland walk session which was enjoyable and informative."
"photo-workshops-uk/sezincote-garden-photography-workshop","sezincote-garden-photography-workshop","https://www.alanranger.com/photo-workshops-uk/sezincote-garden-photography-workshop","workshop (half-day)","workshop","canonical_products","","SEZINCOTE Garden Photography Workshop - Gloucs 29 May","1","1","0","yes","Alan is a superb photographer who will easily help any photographer to reach their next level.  I would recommend any photographer who wants to kick start their photography journey so that they can in"
"photo-workshops-uk/shropshire-landscape-photography-workshops","shropshire-landscape-photography-workshops","https://www.alanranger.com/photo-workshops-uk/shropshire-landscape-photography-workshops","workshop (1-day)","workshop","canonical_products","","Shropshire Landscape Photography Workshop | Shrewsbury","0","0","0","no",""
"photo-workshops-uk/somerset-landscape-photography-workshops","somerset-landscape-photography-workshops","https://www.alanranger.com/photo-workshops-uk/somerset-landscape-photography-workshops","workshop (residential)","workshop","canonical_products","","SOMERSET Landscape Photography Workshops 9 - 11 May 2025","1","1","0","yes","A very enjoyable & informative course which was very well structured & presented. Made me feel more confident about using the manual settings on my camera. Will definitely look at booking further cour"
"photo-workshops-uk/urban-architecture-photography-workshops-coventry","urban-architecture-photography-workshops-coventry","https://www.alanranger.com/photo-workshops-uk/urban-architecture-photography-workshops-coventry","workshop (half-day)","workshop","canonical_products","","URBAN ARCHITECTURE Photography Workshops - Coventry 9 Sep","9","9","0","yes","Just the right level of helpful and practical advice, a very enjoyable evening shoot."
"photo-workshops-uk/wales-photography-workshop-pistyll-rhaeadr","wales-photography-workshop-pistyll-rhaeadr","https://www.alanranger.com/photo-workshops-uk/wales-photography-workshop-pistyll-rhaeadr","workshop (residential)","workshop","canonical_products","","WALES Photography Workshop | Lake Vyrnwy 10-11 Oct","4","4","0","yes","I love Alan's workshops.  I've been to 2 3day workshops. Alan is helpful when you need it but let's you get on with it at other times. I have learnt a lot from his sessions and enjoyed them. His feedb"
"photo-workshops-uk/yorkshire-dales-photography-workshops","yorkshire-dales-photography-workshops","https://www.alanranger.com/photo-workshops-uk/yorkshire-dales-photography-workshops","workshop (residential)","workshop","canonical_products","","Landscape YORKSHIRE DALES Photography Workshop - 16 - 18 Apr","6","6","0","yes","Great Workshop in the Yorkshire Dales. Alan clearly knows his stuff and his experience was evident in his professional guidance. His comments in the photo review sessions were  brutally honest but his"
"photo-workshops-uk/woodland-photography-walk-warwickshire","woodland-photography-walk-warwickshire","https://www.alanranger.com/photo-workshops-uk/woodland-photography-walk-warwickshire","workshop (half-day)","workshop","canonical_products","","WARWICKSHIRE Woodland PHOTOGRAPHY WALKS - Monthly - 2hrs","34","31","3","yes","Inspirational, instructive and interesting"
"photography-services-near-me/02-top-10-tips-to-make-a-photograph","02-top-10-tips-to-make-a-photograph","https://www.alanranger.com/photography-services-near-me/02-top-10-tips-to-make-a-photograph","academy","academy","canonical_products","","#02 Top 10 Tips - To make a photograph | Professional Tips","0","0","0","no",""
"photography-services-near-me/beginners-photography-classes-coventry","beginners-photography-classes-coventry","https://www.alanranger.com/photography-services-near-me/beginners-photography-classes-coventry","course","course","canonical_products","","Beginners Photography Classes - Coventry - Get Off Auto","0","0","0","no",""
"beginners-photography-classes","beginners-photography-classes","https://www.alanranger.com/beginners-photography-classes","service hub","service","service_hub","","Beginners Photography Classes","0","0","0","no",""
"photography-services-near-me/beginners-photography-course","beginners-photography-course","https://www.alanranger.com/photography-services-near-me/beginners-photography-course","course","course","canonical_products","","Beginners Photography Course | 3 Weekly Evening Classes","148","147","1","yes","I attended the beginners camera course, would definitely recommend, didn't realise just how much there was to know before starting the course! Nice small group which helps give you time to ask questio"
"photography-services-near-me/beginners-portrait-photography-course","beginners-portrait-photography-course","https://www.alanranger.com/photography-services-near-me/beginners-portrait-photography-course","course","course","canonical_products","","Beginners Portrait Photography Course - Coventry - 1 Day","12","12","0","yes","I have throughly enjoyed all courses delivered by Alan. Great content and excellent delivery."
"photography-services-near-me/black-and-white-photography-course","black-and-white-photography-course","https://www.alanranger.com/photography-services-near-me/black-and-white-photography-course","course","course","canonical_products","","Professional Black and White Photography Course | Coventry","0","0","0","no",""
"photography-services-near-me/calendar-2022","calendar-2022","https://www.alanranger.com/photography-services-near-me/calendar-2022","gift voucher","gift-voucher","canonical_products","","Calendar 2022 - UK Landscape Images from Alan Ranger","0","0","0","no",""
"photography-gift-vouchers","photography-gift-vouchers","https://www.alanranger.com/photography-gift-vouchers","service hub","service","service_hub","","Photography Gift Vouchers","1","1","0","yes","Extremely helpful in giving options for gift vouchers, even to the point of adding an extra on-line option! And I know my brother enjoyed the workshop that it paid for"
"photography-services-near-me/camera-sensor-clean","camera-sensor-clean","https://www.alanranger.com/photography-services-near-me/camera-sensor-clean","service","service","canonical_products","","Professional Digital DSLR Camera Sensor Clean | Coventry","4","4","0","yes","I have just attended the 3hr beginner course and found it excellent. The delivery and passion for photography shown by Alan was evident throughout. I found the session informative and enjoyable and th"
"photography-services-near-me/composition-viewing-frames","composition-viewing-frames","https://www.alanranger.com/photography-services-near-me/composition-viewing-frames","merchandise","product","canonical_products","","Viewing Frames for Composition | Used by Professionals","0","0","0","no",""
"photography-shop-services","photography-shop-services","https://www.alanranger.com/photography-shop-services","service hub","service","service_hub","","Photography Shop & Services","0","0","0","no",""
"photography-services-near-me/fine-art-photography-prints-canvas","fine-art-photography-prints-canvas","https://www.alanranger.com/photography-services-near-me/fine-art-photography-prints-canvas","print","product","canonical_products","","Fine Art Photography Prints - Canvas wrap-round - Multi Size","3","3","0","yes","Had a two half hour shoot with Alan, thought me so much in such a short time. Will be back for more I'm sure. Well worth the money."
"fine-art-prints","fine-art-prints","https://www.alanranger.com/fine-art-prints","service hub","service","service_hub","","Fine Art Prints","0","0","0","no",""
"photography-services-near-me/fine-art-photography-prints-unframed","fine-art-photography-prints-unframed","https://www.alanranger.com/photography-services-near-me/fine-art-photography-prints-unframed","print","product","canonical_products","","Fine Art Photography Prints - Unframed Prints - Multi Sizes","4","4","0","yes","Alan did a great job of imparting knowledge and making the weekend a very enjoyable experience. Locations are well researched and appropriate and I'd have no hesitation in heartily recommending him.  "
"photography-services-near-me/four-private-photography-classes","four-private-photography-classes","https://www.alanranger.com/photography-services-near-me/four-private-photography-classes","1-2-1","product","canonical_products","","4 x 2hr Private Photography Classes - Face to Face Coventry","9","8","1","yes","A great one to one session some helpful feedback on photos. I have come away with a much clearer understanding of the theory behind the practice.  Personalising my settings was really helpful. Would r"
"private-photography-lessons","private-photography-lessons","https://www.alanranger.com/private-photography-lessons","service hub","service","service_hub","","Private Photography Lessons (Face-to-Face)","0","0","0","no",""
"photography-services-near-me/framed-fine-art-photography-prints","framed-fine-art-photography-prints","https://www.alanranger.com/photography-services-near-me/framed-fine-art-photography-prints","print","product","canonical_products","","Framed Fine Art Photography Prints - Multiple Sizes","5","5","0","yes","Alan shares great knowledge with confidence and I look forward to further meetings."
"photography-services-near-me/intermediates-intentions-photography-project-course","intermediates-intentions-photography-project-course","https://www.alanranger.com/photography-services-near-me/intermediates-intentions-photography-project-course","course","course","canonical_products","","Intermediates Intentions Photography Project Course","5","5","0","yes","I was encouraged that Alan Ranger believes good photographs should be produced in the main by a combination of the photographer and the camera and not by hours of post-shoot processing in Photoshop."
"photography-services-near-me/intermediates-lightroom-photography-course","intermediates-lightroom-photography-course","https://www.alanranger.com/photography-services-near-me/intermediates-lightroom-photography-course","course (Lightroom)","course","canonical_products","","Intermediates Lightroom Photo Editing Course | Coventry","0","0","0","no",""
"photo-editing-course-coventry","photo-editing-course-coventry","https://www.alanranger.com/photo-editing-course-coventry","service hub","service","service_hub","","Photo Editing Course Coventry (Lightroom)","0","0","0","no",""
"photography-services-near-me/lightroom-courses-for-beginners-coventry","lightroom-courses-for-beginners-coventry","https://www.alanranger.com/photography-services-near-me/lightroom-courses-for-beginners-coventry","course (Lightroom)","course","canonical_products","","Lightroom Courses for Beginners Photo Editing - Coventry","29","29","0","yes","Took the opportunity to outline how he could help me improve my photography and make better use of Lightroom. Alan was very helpful and I'm looking forward to my 2 hour slot in February"
"photography-services-near-me/monthly-online-photography-mentoring","monthly-online-photography-mentoring","https://www.alanranger.com/photography-services-near-me/monthly-online-photography-mentoring","mentoring","product","canonical_products","","Monthly Photography Mentoring Sessions - Online - Zoom","4","4","0","yes","Alan gently guides you into thinking differently about the way you take photos and before you know it you are a better photographer. Thanks for your support.  Chris"
"photography-mentoring-online-assignments","photography-mentoring-online-assignments","https://www.alanranger.com/photography-mentoring-online-assignments","service hub","service","service_hub","","Online Photography Mentoring & Assignments","0","0","0","no",""
"photography-services-near-me/monthly-online-photography-mentoring-one-year","monthly-online-photography-mentoring-one-year","https://www.alanranger.com/photography-services-near-me/monthly-online-photography-mentoring-one-year","mentoring","product","canonical_products","","Monthly Online Photography Mentoring for 1 Year - Zoom","0","0","0","no",""
"photography-services-near-me/monthly-pick-n-mix-subscription","monthly-pick-n-mix-subscription","https://www.alanranger.com/photography-services-near-me/monthly-pick-n-mix-subscription","subscription/payment-plan","product","canonical_products","","Monthly Pick N Mix Subscription | Interest Free Payment Plan","1","1","0","yes","I have now done a number of courses with Alan Ranger via his Pick & Mix plan which obviously has the huge benefit of spreading the cost of photography courses over 12 months.  There is nothing Alan do"
"photography-services-near-me/photo-print-preparation-service-30min","photo-print-preparation-service-30min","https://www.alanranger.com/photography-services-near-me/photo-print-preparation-service-30min","print","product","canonical_products","","Photo Print Preparation Service 30-min – File Check & Advice","0","0","0","no",""
"photography-services-near-me/photography-gift-vouchers","photography-gift-vouchers","https://www.alanranger.com/photography-services-near-me/photography-gift-vouchers","gift voucher","gift-voucher","canonical_products","","Photography Gift Vouchers | Digital eCard | Email Delivery","1","1","0","yes","Extremely helpful in giving options for gift vouchers, even to the point of adding an extra on-line option! And I know my brother enjoyed the workshop that it paid for"
"photography-services-near-me/composition-settings-photography-field-checklists","composition-settings-photography-field-checklists","https://www.alanranger.com/photography-services-near-me/composition-settings-photography-field-checklists","academy","academy","canonical_products","","10 Composition PDFs — Photography Field Checklists Bundle","0","0","0","no",""
"photography-services-near-me/print","print","https://www.alanranger.com/photography-services-near-me/print","print","product","canonical_products","","A3 Mounted Fine Art Print - Unframed | Professional","0","0","0","no",""
"photography-services-near-me/private-online-photography-classes-zoom","private-online-photography-classes-zoom","https://www.alanranger.com/photography-services-near-me/private-online-photography-classes-zoom","1-2-1","product","canonical_products","","Online Photography Classes 121 - Zoom - Package Options","11","11","0","yes","Alan Ranger is an extremely talented artistic photographer.  His enthusiastic approach to photography makes him an excellent photography tutor that I can highly recommend."
"photography-lessons-online-121","photography-lessons-online-121","https://www.alanranger.com/photography-lessons-online-121","service hub","service","service_hub","","Online 1-2-1 Photography Lessons (Zoom)","0","0","0","no",""
"photography-services-near-me/quarterly-pick-n-mix-subscription","quarterly-pick-n-mix-subscription","https://www.alanranger.com/photography-services-near-me/quarterly-pick-n-mix-subscription","subscription/payment-plan","product","canonical_products","","Quarterly Pick N Mix Subscription | Interest Free Payments","3","3","0","yes","If you wanted a overview to a camera course this is the course to do,  It was at levels anyone could understand and all questions answered nothing was missed.  Gave clear and concise information relat"
"professional-commercial-photographer-coventry","professional-commercial-photographer-coventry","https://www.alanranger.com/professional-commercial-photographer-coventry","service hub","service","service_hub","","Professional Commercial Photographer Coventry","0","0","0","no",""
"corporate-photography-training","corporate-photography-training","https://www.alanranger.com/corporate-photography-training","service hub","service","service_hub","","Corporate Photography Training","0","0","0","no",""
"photography-services-near-me/photography-tips-pocket-guide-series","photography-tips-pocket-guide-series","https://www.alanranger.com/photography-services-near-me/photography-tips-pocket-guide-series","academy","academy","canonical_products","","Photography Tips Pocket Guides - Professional Tips","0","0","0","no",""
"about-alan-ranger","about-alan-ranger","https://www.alanranger.com/about-alan-ranger","landing","landing","landing_pages_csv","","","0","0","0","no",""
"academy/login","login","https://www.alanranger.com/academy/login","service","service","landing_pages_csv","","","0","0","0","no",""
"awards-and-qualifications","awards-and-qualifications","https://www.alanranger.com/awards-and-qualifications","landing","landing","landing_pages_csv","","","0","0","0","no",""
"batsford-arboretum-photography","batsford-arboretum-photography","https://www.alanranger.com/batsford-arboretum-photography","landing","landing","landing_pages_csv","","","0","0","0","no",""
"beginners-photography-lessons/camera-courses-for-beginners-coventry-","camera-courses-for-beginners-coventry-","https://www.alanranger.com/beginners-photography-lessons/camera-courses-for-beginners-coventry-","event","event","landing_pages_csv","","","0","0","0","no",""
"beginners-photography-lessons/camera-courses-for-beginners-coventry-2k99k","camera-courses-for-beginners-coventry-2k99k","https://www.alanranger.com/beginners-photography-lessons/camera-courses-for-beginners-coventry-2k99k","event","event","landing_pages_csv","","","0","0","0","no",""
"beginners-photography-lessons/camera-courses-for-beginners-coventry-2n74k","camera-courses-for-beginners-coventry-2n74k","https://www.alanranger.com/beginners-photography-lessons/camera-courses-for-beginners-coventry-2n74k","event","event","landing_pages_csv","","","0","0","0","no",""
"beginners-photography-lessons/camera-courses-for-beginners-coventry-2sj27","camera-courses-for-beginners-coventry-2sj27","https://www.alanranger.com/beginners-photography-lessons/camera-courses-for-beginners-coventry-2sj27","event","event","landing_pages_csv","","","0","0","0","no",""
"beginners-photography-lessons/camera-courses-for-beginners-coventry-3yj3h","camera-courses-for-beginners-coventry-3yj3h","https://www.alanranger.com/beginners-photography-lessons/camera-courses-for-beginners-coventry-3yj3h","event","event","landing_pages_csv","","","0","0","0","no",""
"beginners-photography-lessons/camera-courses-for-beginners-coventry-4pp2p","camera-courses-for-beginners-coventry-4pp2p","https://www.alanranger.com/beginners-photography-lessons/camera-courses-for-beginners-coventry-4pp2p","event","event","landing_pages_csv","","","0","0","0","no",""
"beginners-photography-lessons/camera-courses-for-beginners-coventry-7breh","camera-courses-for-beginners-coventry-7breh","https://www.alanranger.com/beginners-photography-lessons/camera-courses-for-beginners-coventry-7breh","event","event","landing_pages_csv","","","0","0","0","no",""
"beginners-photography-lessons/camera-courses-for-beginners-coventry-8ar5x","camera-courses-for-beginners-coventry-8ar5x","https://www.alanranger.com/beginners-photography-lessons/camera-courses-for-beginners-coventry-8ar5x","event","event","landing_pages_csv","","","0","0","0","no",""
"beginners-photography-lessons/camera-courses-for-beginners-coventry-8s2ka","camera-courses-for-beginners-coventry-8s2ka","https://www.alanranger.com/beginners-photography-lessons/camera-courses-for-beginners-coventry-8s2ka","event","event","landing_pages_csv","","","0","0","0","no",""
"beginners-photography-lessons/camera-courses-for-beginners-coventry-bds4t","camera-courses-for-beginners-coventry-bds4t","https://www.alanranger.com/beginners-photography-lessons/camera-courses-for-beginners-coventry-bds4t","event","event","landing_pages_csv","","","0","0","0","no",""
"beginners-photography-lessons/camera-courses-for-beginners-coventry-be4sb","camera-courses-for-beginners-coventry-be4sb","https://www.alanranger.com/beginners-photography-lessons/camera-courses-for-beginners-coventry-be4sb","event","event","landing_pages_csv","","","0","0","0","no",""
"beginners-photography-lessons/camera-courses-for-beginners-coventry-dfe","camera-courses-for-beginners-coventry-dfe","https://www.alanranger.com/beginners-photography-lessons/camera-courses-for-beginners-coventry-dfe","event","event","landing_pages_csv","","","0","0","0","no",""
"intentions-course-six-month-photography-project","intentions-course-six-month-photography-project","https://www.alanranger.com/intentions-course-six-month-photography-project","landing","landing","landing_pages_csv","","","0","0","0","no",""
"beginners-photography-lessons/camera-courses-for-beginners-coventry-dg9pz","camera-courses-for-beginners-coventry-dg9pz","https://www.alanranger.com/beginners-photography-lessons/camera-courses-for-beginners-coventry-dg9pz","event","event","landing_pages_csv","","","0","0","0","no",""
"beginners-photography-lessons/camera-courses-for-beginners-coventry-dhecf","camera-courses-for-beginners-coventry-dhecf","https://www.alanranger.com/beginners-photography-lessons/camera-courses-for-beginners-coventry-dhecf","event","event","landing_pages_csv","","","0","0","0","no",""
"beginners-photography-lessons/camera-courses-for-beginners-coventry-hl4tm","camera-courses-for-beginners-coventry-hl4tm","https://www.alanranger.com/beginners-photography-lessons/camera-courses-for-beginners-coventry-hl4tm","event","event","landing_pages_csv","","","0","0","0","no",""
"beginners-photography-lessons/camera-courses-for-beginners-coventry-mw83l","camera-courses-for-beginners-coventry-mw83l","https://www.alanranger.com/beginners-photography-lessons/camera-courses-for-beginners-coventry-mw83l","event","event","landing_pages_csv","","","0","0","0","no",""
"beginners-photography-lessons/camera-courses-for-beginners-coventry-nhjlm","camera-courses-for-beginners-coventry-nhjlm","https://www.alanranger.com/beginners-photography-lessons/camera-courses-for-beginners-coventry-nhjlm","event","event","landing_pages_csv","","","0","0","0","no",""
"beginners-photography-lessons/camera-courses-for-beginners-coventry-nzwzx","camera-courses-for-beginners-coventry-nzwzx","https://www.alanranger.com/beginners-photography-lessons/camera-courses-for-beginners-coventry-nzwzx","event","event","landing_pages_csv","","","0","0","0","no",""
"beginners-photography-lessons/camera-courses-for-beginners-coventry-oct3","camera-courses-for-beginners-coventry-oct3","https://www.alanranger.com/beginners-photography-lessons/camera-courses-for-beginners-coventry-oct3","event","event","landing_pages_csv","","","0","0","0","no",""
"beginners-photography-lessons/camera-courses-for-beginners-coventry-s2klg","camera-courses-for-beginners-coventry-s2klg","https://www.alanranger.com/beginners-photography-lessons/camera-courses-for-beginners-coventry-s2klg","event","event","landing_pages_csv","","","0","0","0","no",""
"beginners-photography-lessons/camera-courses-for-beginners-coventry-w5nkt","camera-courses-for-beginners-coventry-w5nkt","https://www.alanranger.com/beginners-photography-lessons/camera-courses-for-beginners-coventry-w5nkt","event","event","landing_pages_csv","","","0","0","0","no",""
"beginners-photography-lessons/camera-courses-for-beginners-coventry-wk1","camera-courses-for-beginners-coventry-wk1","https://www.alanranger.com/beginners-photography-lessons/camera-courses-for-beginners-coventry-wk1","event","event","landing_pages_csv","","","0","0","0","no",""
"beginners-photography-lessons/camera-courses-for-beginners-coventry-zbcfe","camera-courses-for-beginners-coventry-zbcfe","https://www.alanranger.com/beginners-photography-lessons/camera-courses-for-beginners-coventry-zbcfe","event","event","landing_pages_csv","","","0","0","0","no",""
"beginners-photography-lessons/camera-courses-for-beginners-week-1","camera-courses-for-beginners-week-1","https://www.alanranger.com/beginners-photography-lessons/camera-courses-for-beginners-week-1","event","event","landing_pages_csv","","","0","0","0","no",""
"beginners-photography-lessons/camera-courses-for-beginners-week-3","camera-courses-for-beginners-week-3","https://www.alanranger.com/beginners-photography-lessons/camera-courses-for-beginners-week-3","event","event","landing_pages_csv","","","0","0","0","no",""
"beginners-photography-lessons/camera-courses-for-beginners-wk2","camera-courses-for-beginners-wk2","https://www.alanranger.com/beginners-photography-lessons/camera-courses-for-beginners-wk2","event","event","landing_pages_csv","","","0","0","0","no",""
"beginners-photography-lessons/lightroom-photo-editing-classes-wk1","lightroom-photo-editing-classes-wk1","https://www.alanranger.com/beginners-photography-lessons/lightroom-photo-editing-classes-wk1","event","event","landing_pages_csv","","","0","0","0","no",""
"beginners-photography-lessons/lightroom-photo-editing-classes-wk1-kdh5k","lightroom-photo-editing-classes-wk1-kdh5k","https://www.alanranger.com/beginners-photography-lessons/lightroom-photo-editing-classes-wk1-kdh5k","event","event","landing_pages_csv","","","0","0","0","no",""
"beginners-photography-lessons/lightroom-photo-editing-classes-wk2","lightroom-photo-editing-classes-wk2","https://www.alanranger.com/beginners-photography-lessons/lightroom-photo-editing-classes-wk2","event","event","landing_pages_csv","","","0","0","0","no",""
"beginners-photography-lessons/lightroom-photo-editing-classes-wk2-n8l4l","lightroom-photo-editing-classes-wk2-n8l4l","https://www.alanranger.com/beginners-photography-lessons/lightroom-photo-editing-classes-wk2-n8l4l","event","event","landing_pages_csv","","","0","0","0","no",""
"beginners-photography-lessons/lightroom-photo-editing-classes-wk2-y3262","lightroom-photo-editing-classes-wk2-y3262","https://www.alanranger.com/beginners-photography-lessons/lightroom-photo-editing-classes-wk2-y3262","event","event","landing_pages_csv","","","0","0","0","no",""
"beginners-photography-lessons/lightroom-photo-editing-classes-wk3","lightroom-photo-editing-classes-wk3","https://www.alanranger.com/beginners-photography-lessons/lightroom-photo-editing-classes-wk3","event","event","landing_pages_csv","","","0","0","0","no",""
"beginners-photography-lessons/lightroom-photo-editing-classes-wk3-7cd64","lightroom-photo-editing-classes-wk3-7cd64","https://www.alanranger.com/beginners-photography-lessons/lightroom-photo-editing-classes-wk3-7cd64","event","event","landing_pages_csv","","","0","0","0","no",""
"beginners-photography-lessons/lightroom-photo-editing-classes-wk3-9b3t3","lightroom-photo-editing-classes-wk3-9b3t3","https://www.alanranger.com/beginners-photography-lessons/lightroom-photo-editing-classes-wk3-9b3t3","event","event","landing_pages_csv","","","0","0","0","no",""
"beginners-portrait-photography-course","beginners-portrait-photography-course","https://www.alanranger.com/beginners-portrait-photography-course","landing","landing","landing_pages_csv","","","12","12","0","yes","I have throughly enjoyed all courses delivered by Alan. Great content and excellent delivery."
"bluebell-woods-near-me","bluebell-woods-near-me","https://www.alanranger.com/bluebell-woods-near-me","landing","landing","landing_pages_csv","","","0","0","0","no",""
"contact-us-alan-ranger-photography","contact-us-alan-ranger-photography","https://www.alanranger.com/contact-us-alan-ranger-photography","landing","landing","landing_pages_csv","","","0","0","0","no",""
"course-finder-photography-classes-near-me","course-finder-photography-classes-near-me","https://www.alanranger.com/course-finder-photography-classes-near-me","service","service","landing_pages_csv","","","0","0","0","no",""
"data-privacy-policy","data-privacy-policy","https://www.alanranger.com/data-privacy-policy","landing","landing","landing_pages_csv","","","0","0","0","no",""
"free-photography-tips","free-photography-tips","https://www.alanranger.com/free-photography-tips","landing","landing","landing_pages_csv","","","0","0","0","no",""
"gallery-image-portfolios","gallery-image-portfolios","https://www.alanranger.com/gallery-image-portfolios","landing","landing","landing_pages_csv","","","0","0","0","no",""
"help-site-map","help-site-map","https://www.alanranger.com/help-site-map","landing","landing","landing_pages_csv","","","0","0","0","no",""
"photographic-workshops-near-me/exmoor-photography-workshops-seascapes-lynmouth","exmoor-photography-workshops-seascapes-lynmouth","https://www.alanranger.com/photographic-workshops-near-me/exmoor-photography-workshops-seascapes-lynmouth","event","event","landing_pages_csv","","","0","0","0","no",""
"photographic-workshops-near-me/fairy-glen-betws-y-coed-photography","fairy-glen-betws-y-coed-photography","https://www.alanranger.com/photographic-workshops-near-me/fairy-glen-betws-y-coed-photography","event","event","landing_pages_csv","","","0","0","0","no",""
"photographic-workshops-near-me/fairy-glen-photography-betws-y-coed","fairy-glen-photography-betws-y-coed","https://www.alanranger.com/photographic-workshops-near-me/fairy-glen-photography-betws-y-coed","event","event","landing_pages_csv","","","0","0","0","no",""
"photographic-workshops-near-me/fairy-glen-photography-wales","fairy-glen-photography-wales","https://www.alanranger.com/photographic-workshops-near-me/fairy-glen-photography-wales","event","event","landing_pages_csv","","","0","0","0","no",""
"photographic-workshops-near-me/garden-photography-workshop","garden-photography-workshop","https://www.alanranger.com/photographic-workshops-near-me/garden-photography-workshop","event","event","landing_pages_csv","","","3","3","0","yes","As a complete beginner I booked my workshop at Batford Arboretum with considerable aprehension. I needn't have worried.  Alan was very patient and explained the rudiments of manual photography in a ve"
"photographic-workshops-near-me/garden-photography-workshop-mxyms","garden-photography-workshop-mxyms","https://www.alanranger.com/photographic-workshops-near-me/garden-photography-workshop-mxyms","event","event","landing_pages_csv","","","0","0","0","no",""
"photographic-workshops-near-me/hartland-quay-photography-devon-seascapes","hartland-quay-photography-devon-seascapes","https://www.alanranger.com/photographic-workshops-near-me/hartland-quay-photography-devon-seascapes","event","event","landing_pages_csv","","","0","0","0","no",""
"photographic-workshops-near-me/lake-district-photography-workshop-autumn","lake-district-photography-workshop-autumn","https://www.alanranger.com/photographic-workshops-near-me/lake-district-photography-workshop-autumn","event","event","landing_pages_csv","","","0","0","0","no",""
"photographic-workshops-near-me/lake-district-photography-workshop-late-summer","lake-district-photography-workshop-late-summer","https://www.alanranger.com/photographic-workshops-near-me/lake-district-photography-workshop-late-summer","event","event","landing_pages_csv","","","0","0","0","no",""
"photographic-workshops-near-me/lake-district-photography-workshop-spring","lake-district-photography-workshop-spring","https://www.alanranger.com/photographic-workshops-near-me/lake-district-photography-workshop-spring","event","event","landing_pages_csv","","","0","0","0","no",""
"photographic-workshops-near-me/lake-district-photography-workshop-winter","lake-district-photography-workshop-winter","https://www.alanranger.com/photographic-workshops-near-me/lake-district-photography-workshop-winter","event","event","landing_pages_csv","","","0","0","0","no",""
"photographic-workshops-near-me/landscape-photography-snowdonia-workshop","landscape-photography-snowdonia-workshop","https://www.alanranger.com/photographic-workshops-near-me/landscape-photography-snowdonia-workshop","event","event","landing_pages_csv","","","0","0","0","no",""
"photographic-workshops-near-me/landscape-photography-wales-gower-peninsular","landscape-photography-wales-gower-peninsular","https://www.alanranger.com/photographic-workshops-near-me/landscape-photography-wales-gower-peninsular","event","event","landing_pages_csv","","","0","0","0","no",""
"photographic-workshops-near-me/landscape-photography-workshops-yorkshire","landscape-photography-workshops-yorkshire","https://www.alanranger.com/photographic-workshops-near-me/landscape-photography-workshops-yorkshire","event","event","landing_pages_csv","","","0","0","0","no",""
"photographic-workshops-near-me/lavender-photography-workshop-sunset","lavender-photography-workshop-sunset","https://www.alanranger.com/photographic-workshops-near-me/lavender-photography-workshop-sunset","event","event","landing_pages_csv","","","0","0","0","no",""
"photographic-workshops-near-me/lavender-photography-workshop-sunset-19","lavender-photography-workshop-sunset-19","https://www.alanranger.com/photographic-workshops-near-me/lavender-photography-workshop-sunset-19","event","event","landing_pages_csv","","","0","0","0","no",""
"photographic-workshops-near-me/long-exposure-photo-workshop-sunset-kenilworth","long-exposure-photo-workshop-sunset-kenilworth","https://www.alanranger.com/photographic-workshops-near-me/long-exposure-photo-workshop-sunset-kenilworth","event","event","landing_pages_csv","","","0","0","0","no",""
"photographic-workshops-near-me/long-exposure-photography-burnham-on-sea","long-exposure-photography-burnham-on-sea","https://www.alanranger.com/photographic-workshops-near-me/long-exposure-photography-burnham-on-sea","event","event","landing_pages_csv","","","0","0","0","no",""
"photographic-workshops-near-me/long-exposure-photography-workshop-kenilworth1","long-exposure-photography-workshop-kenilworth1","https://www.alanranger.com/photographic-workshops-near-me/long-exposure-photography-workshop-kenilworth1","event","event","landing_pages_csv","","","0","0","0","no",""
"photographic-workshops-near-me/long-exposure-photography-workshop-kenilworth2","long-exposure-photography-workshop-kenilworth2","https://www.alanranger.com/photographic-workshops-near-me/long-exposure-photography-workshop-kenilworth2","event","event","landing_pages_csv","","","0","0","0","no",""
"photographic-workshops-near-me/long-exposure-photography-workshop-kenilworth4","long-exposure-photography-workshop-kenilworth4","https://www.alanranger.com/photographic-workshops-near-me/long-exposure-photography-workshop-kenilworth4","event","event","landing_pages_csv","","","0","0","0","no",""
"photographic-workshops-near-me/norfolk-photography-workshop","norfolk-photography-workshop","https://www.alanranger.com/photographic-workshops-near-me/norfolk-photography-workshop","event","event","landing_pages_csv","","","0","0","0","no",""
"photographic-workshops-near-me/northumberland-landscape-photography-workshop","northumberland-landscape-photography-workshop","https://www.alanranger.com/photographic-workshops-near-me/northumberland-landscape-photography-workshop","event","event","landing_pages_csv","","","0","0","0","no",""
"photographic-workshops-near-me/peak-district-photography-workshops-autumn","peak-district-photography-workshops-autumn","https://www.alanranger.com/photographic-workshops-near-me/peak-district-photography-workshops-autumn","event","event","landing_pages_csv","","","0","0","0","no",""
"photographic-workshops-near-me/peak-district-photography-workshops-autumn-2","peak-district-photography-workshops-autumn-2","https://www.alanranger.com/photographic-workshops-near-me/peak-district-photography-workshops-autumn-2","event","event","landing_pages_csv","","","0","0","0","no",""
"photographic-workshops-near-me/peak-district-photography-workshops-heathers-sunrise","peak-district-photography-workshops-heathers-sunrise","https://www.alanranger.com/photographic-workshops-near-me/peak-district-photography-workshops-heathers-sunrise","event","event","landing_pages_csv","","","0","0","0","no",""
"photographic-workshops-near-me/peak-district-photography-workshops-heathers-sunset","peak-district-photography-workshops-heathers-sunset","https://www.alanranger.com/photographic-workshops-near-me/peak-district-photography-workshops-heathers-sunset","event","event","landing_pages_csv","","","0","0","0","no",""
"photographic-workshops-near-me/peak-district-photography-workshops-spring","peak-district-photography-workshops-spring","https://www.alanranger.com/photographic-workshops-near-me/peak-district-photography-workshops-spring","event","event","landing_pages_csv","","","0","0","0","no",""
"photographic-workshops-near-me/peak-district-photography-workshops-winter","peak-district-photography-workshops-winter","https://www.alanranger.com/photographic-workshops-near-me/peak-district-photography-workshops-winter","event","event","landing_pages_csv","","","0","0","0","no",""
"photographic-workshops-near-me/secrets-of-woodland-photography-masterclass-autumn","secrets-of-woodland-photography-masterclass-autumn","https://www.alanranger.com/photographic-workshops-near-me/secrets-of-woodland-photography-masterclass-autumn","event","event","landing_pages_csv","","","0","0","0","no",""
"photographic-workshops-near-me/secrets-of-woodland-photography-masterclass-spring","secrets-of-woodland-photography-masterclass-spring","https://www.alanranger.com/photographic-workshops-near-me/secrets-of-woodland-photography-masterclass-spring","event","event","landing_pages_csv","","","0","0","0","no",""
"photographic-workshops-near-me/secrets-of-woodland-photography-masterclass-summer","secrets-of-woodland-photography-masterclass-summer","https://www.alanranger.com/photographic-workshops-near-me/secrets-of-woodland-photography-masterclass-summer","event","event","landing_pages_csv","","","0","0","0","no",""
"photographic-workshops-near-me/secrets-of-woodland-photography-masterclass-winter","secrets-of-woodland-photography-masterclass-winter","https://www.alanranger.com/photographic-workshops-near-me/secrets-of-woodland-photography-masterclass-winter","event","event","landing_pages_csv","","","0","0","0","no",""
"photographic-workshops-near-me/sezincote-garden-photography-workshop","sezincote-garden-photography-workshop","https://www.alanranger.com/photographic-workshops-near-me/sezincote-garden-photography-workshop","event","event","landing_pages_csv","","","1","1","0","yes","Alan is a superb photographer who will easily help any photographer to reach their next level.  I would recommend any photographer who wants to kick start their photography journey so that they can in"
"photographic-workshops-near-me/suffolk-landscape-photography-workshop","suffolk-landscape-photography-workshop","https://www.alanranger.com/photographic-workshops-near-me/suffolk-landscape-photography-workshop","event","event","landing_pages_csv","","","0","0","0","no",""
"photographic-workshops-near-me/sunset-chesterton-windmill-photography-workshop","sunset-chesterton-windmill-photography-workshop","https://www.alanranger.com/photographic-workshops-near-me/sunset-chesterton-windmill-photography-workshop","event","event","landing_pages_csv","","","0","0","0","no",""
"photographic-workshops-near-me/sunset-chesterton-windmill-spring","sunset-chesterton-windmill-spring","https://www.alanranger.com/photographic-workshops-near-me/sunset-chesterton-windmill-spring","event","event","landing_pages_csv","","","0","0","0","no",""
"photographic-workshops-near-me/sunset-chesterton-windmill-spring-7gw7j","sunset-chesterton-windmill-spring-7gw7j","https://www.alanranger.com/photographic-workshops-near-me/sunset-chesterton-windmill-spring-7gw7j","event","event","landing_pages_csv","","","0","0","0","no",""
"photographic-workshops-near-me/sunset-chesterton-windmill-spring-7gw7j-9akd5","sunset-chesterton-windmill-spring-7gw7j-9akd5","https://www.alanranger.com/photographic-workshops-near-me/sunset-chesterton-windmill-spring-7gw7j-9akd5","event","event","landing_pages_csv","","","0","0","0","no",""
"photographic-workshops-near-me/urban-architecture-photography-workshop-coventry","urban-architecture-photography-workshop-coventry","https://www.alanranger.com/photographic-workshops-near-me/urban-architecture-photography-workshop-coventry","event","event","landing_pages_csv","","","0","0","0","no",""
"photographic-workshops-near-me/wales-photography-workshop-vyrnwy-pistyll-rhaeadr","wales-photography-workshop-vyrnwy-pistyll-rhaeadr","https://www.alanranger.com/photographic-workshops-near-me/wales-photography-workshop-vyrnwy-pistyll-rhaeadr","event","event","landing_pages_csv","","","0","0","0","no",""
"photographic-workshops-near-me/woodland-photography-walk-coventry-piles-coppice","woodland-photography-walk-coventry-piles-coppice","https://www.alanranger.com/photographic-workshops-near-me/woodland-photography-walk-coventry-piles-coppice","event","event","landing_pages_csv","","","0","0","0","no",""
"photographic-workshops-near-me/yorkshire-dales-photography-workshop","yorkshire-dales-photography-workshop","https://www.alanranger.com/photographic-workshops-near-me/yorkshire-dales-photography-workshop","event","event","landing_pages_csv","","","0","0","0","no",""
"photography-equipment-recommendations","photography-equipment-recommendations","https://www.alanranger.com/photography-equipment-recommendations","landing","landing","landing_pages_csv","","","0","0","0","no",""
"photography-masterclasses-online","photography-masterclasses-online","https://www.alanranger.com/photography-masterclasses-online","service","service","landing_pages_csv","","","0","0","0","no",""
"photography-news-blog","photography-news-blog","https://www.alanranger.com/photography-news-blog","landing","landing","landing_pages_csv","","","0","0","0","no",""
"photography-presents-for-photographers","photography-presents-for-photographers","https://www.alanranger.com/photography-presents-for-photographers","landing","landing","landing_pages_csv","","","0","0","0","no",""
"photography-special-offers","photography-special-offers","https://www.alanranger.com/photography-special-offers","landing","landing","landing_pages_csv","","","0","0","0","no",""
"photography-tuition-services","photography-tuition-services","https://www.alanranger.com/photography-tuition-services","service","service","landing_pages_csv","","","0","0","0","no",""
"photography-workshops-near-me","photography-workshops-near-me","https://www.alanranger.com/photography-workshops-near-me","service","service","landing_pages_csv","","","0","0","0","no",""
"schedule-an-appointment","schedule-an-appointment","https://www.alanranger.com/schedule-an-appointment","landing","landing","landing_pages_csv","","","0","0","0","no",""
"testimonials-customer-reviews","testimonials-customer-reviews","https://www.alanranger.com/testimonials-customer-reviews","landing","landing","landing_pages_csv","","","0","0","0","no",""
"which-photography-style-is-right-for-you","which-photography-style-is-right-for-you","https://www.alanranger.com/which-photography-style-is-right-for-you","landing","landing","landing_pages_csv","","","0","0","0","no",""
"photographic-workshops-near-me/somerset-photography-workshop","somerset-photography-workshop","https://www.alanranger.com/photographic-workshops-near-me/somerset-photography-workshop","event","event","event_table","","Somerset Photography Workshops | Hills, Woodlands, Marshes","0","0","0","no",""
"photographic-workshops-near-me/landscape-photography-workshops-yorkshire-coast","landscape-photography-workshops-yorkshire-coast","https://www.alanranger.com/photographic-workshops-near-me/landscape-photography-workshops-yorkshire-coast","event","event","event_table","","Landscape Photography Workshops Yorkshire | Coastlines","0","0","0","no",""
"beginners-photography-lessons/lightroom-photo-editing-classes-wk3-42ynf","lightroom-photo-editing-classes-wk3-42ynf","https://www.alanranger.com/beginners-photography-lessons/lightroom-photo-editing-classes-wk3-42ynf","event","event","event_table","","Lightroom Photo Editing Classes Wk3 42ynf","0","0","0","no",""
"beginners-photography-lessons/rps-courses-rps-distinctions-mentoring-1","rps-courses-rps-distinctions-mentoring-1","https://www.alanranger.com/beginners-photography-lessons/rps-courses-rps-distinctions-mentoring-1","event","event","event_table","","Rps Courses Rps Distinctions Mentoring 1","0","0","0","no",""
"beginners-photography-lessons/rps-courses-rps-distinctions-mentoring-2","rps-courses-rps-distinctions-mentoring-2","https://www.alanranger.com/beginners-photography-lessons/rps-courses-rps-distinctions-mentoring-2","event","event","event_table","","Rps Courses Rps Distinctions Mentoring 2","0","0","0","no",""
"beginners-photography-lessons/rps-courses-rps-distinctions-mentoring-3","rps-courses-rps-distinctions-mentoring-3","https://www.alanranger.com/beginners-photography-lessons/rps-courses-rps-distinctions-mentoring-3","event","event","event_table","","Rps Courses Rps Distinctions Mentoring 3","0","0","0","no",""
"beginners-photography-lessons/rps-courses-rps-distinctions-mentoring-4","rps-courses-rps-distinctions-mentoring-4","https://www.alanranger.com/beginners-photography-lessons/rps-courses-rps-distinctions-mentoring-4","event","event","event_table","","Rps Courses Rps Distinctions Mentoring 4","0","0","0","no",""
"beginners-photography-lessons/rps-courses-rps-distinctions-mentoring-5","rps-courses-rps-distinctions-mentoring-5","https://www.alanranger.com/beginners-photography-lessons/rps-courses-rps-distinctions-mentoring-5","event","event","event_table","","Rps Courses Rps Distinctions Mentoring 5","0","0","0","no",""
"beginners-photography-lessons/rps-courses-rps-distinctions-mentoring-6","rps-courses-rps-distinctions-mentoring-6","https://www.alanranger.com/beginners-photography-lessons/rps-courses-rps-distinctions-mentoring-6","event","event","event_table","","Rps Courses Rps Distinctions Mentoring 6","0","0","0","no",""
"photographic-workshops-near-me/bluebell-photography-photo-workshop-warwickshire-01","bluebell-photography-photo-workshop-warwickshire-01","https://www.alanranger.com/photographic-workshops-near-me/bluebell-photography-photo-workshop-warwickshire-01","event","event","event_table","","Bluebell Photography Photo Workshop Warwickshire 01","0","0","0","no",""
"photographic-workshops-near-me/peak-district-photography-workshops-sunrise-heathers","peak-district-photography-workshops-sunrise-heathers","https://www.alanranger.com/photographic-workshops-near-me/peak-district-photography-workshops-sunrise-heathers","event","event","event_table","","Peak District Photography Workshops - Heathers Sunrise |","0","0","0","no",""
"beginners-photography-lessons/camera-courses-for-beginners-coventry-hnp3g","camera-courses-for-beginners-coventry-hnp3g","https://www.alanranger.com/beginners-photography-lessons/camera-courses-for-beginners-coventry-hnp3g","event","event","event_table","","Camera Courses For Beginners Coventry Hnp3g","0","0","0","no",""
"beginners-photography-lessons/camera-courses-for-beginners-coventry-oct1","camera-courses-for-beginners-coventry-oct1","https://www.alanranger.com/beginners-photography-lessons/camera-courses-for-beginners-coventry-oct1","event","event","event_table","","Camera Courses For Beginners Coventry Oct1","0","0","0","no",""
"beginners-photography-lessons/camera-courses-for-beginners-coventry-oct2","camera-courses-for-beginners-coventry-oct2","https://www.alanranger.com/beginners-photography-lessons/camera-courses-for-beginners-coventry-oct2","event","event","event_table","","Camera Courses For Beginners Coventry Oct2","0","0","0","no",""
"beginners-photography-lessons/camera-courses-for-beginners-coventry-wc34j","camera-courses-for-beginners-coventry-wc34j","https://www.alanranger.com/beginners-photography-lessons/camera-courses-for-beginners-coventry-wc34j","event","event","event_table","","Camera Courses For Beginners Coventry Wc34j","0","0","0","no",""
"beginners-photography-lessons/lightroom-photo-editing-classes-wk1-rrkhn","lightroom-photo-editing-classes-wk1-rrkhn","https://www.alanranger.com/beginners-photography-lessons/lightroom-photo-editing-classes-wk1-rrkhn","event","event","event_table","","Lightroom Photo Editing Classes Wk1 Rrkhn","0","0","0","no",""
"beginners-photography-lessons/lightroom-photo-editing-classes-wk1-xx94r","lightroom-photo-editing-classes-wk1-xx94r","https://www.alanranger.com/beginners-photography-lessons/lightroom-photo-editing-classes-wk1-xx94r","event","event","event_table","","Lightroom Photo Editing Classes Wk1 Xx94r","0","0","0","no",""
"beginners-photography-lessons/lightroom-photo-editing-classes-wk2-55f3d","lightroom-photo-editing-classes-wk2-55f3d","https://www.alanranger.com/beginners-photography-lessons/lightroom-photo-editing-classes-wk2-55f3d","event","event","event_table","","Lightroom Photo Editing Classes Wk2 55f3d","0","0","0","no",""
"photographic-workshops-near-me/dingle-kerry-ireland-photography-workshop","dingle-kerry-ireland-photography-workshop","https://www.alanranger.com/photographic-workshops-near-me/dingle-kerry-ireland-photography-workshop","event","event","event_table","","Dingle Kerry Ireland Photography Workshop","0","0","0","no",""
"photographic-workshops-near-me/hartland-quay-devon-seascapes-ynfcl","hartland-quay-devon-seascapes-ynfcl","https://www.alanranger.com/photographic-workshops-near-me/hartland-quay-devon-seascapes-ynfcl","event","event","event_table","","Hartland Quay Devon Seascapes Ynfcl","0","0","0","no",""
"photographic-workshops-near-me/nant-mill-woodlands","nant-mill-woodlands","https://www.alanranger.com/photographic-workshops-near-me/nant-mill-woodlands","event","event","event_table","","Nant Mill Photography Workshop - Woodlands and Waterfalls","0","0","0","no",""
"photographic-workshops-near-me/poppy-fields-photography-workshop-sunrise","poppy-fields-photography-workshop-sunrise","https://www.alanranger.com/photographic-workshops-near-me/poppy-fields-photography-workshop-sunrise","event","event","event_table","","Poppy Fields Photography Workshop - Worcs | Sunrise 9/6","0","0","0","no",""
"photographic-workshops-near-me/poppy-fields-photography-workshop-sunset","poppy-fields-photography-workshop-sunset","https://www.alanranger.com/photographic-workshops-near-me/poppy-fields-photography-workshop-sunset","event","event","event_table","","Poppy Fields Photography Workshop - Worcs | Sunset 8/6","0","0","0","no",""
"photographic-workshops-near-me/woodland-photography-walk-coventry-cv4","woodland-photography-walk-coventry-cv4","https://www.alanranger.com/photographic-workshops-near-me/woodland-photography-walk-coventry-cv4","event","event","event_table","","Woodland Photography Walk Coventry Cv4","0","0","0","no",""
"photographic-workshops-near-me/woodland-photography-walk-coventry-tile-hill","woodland-photography-walk-coventry-tile-hill","https://www.alanranger.com/photographic-workshops-near-me/woodland-photography-walk-coventry-tile-hill","event","event","event_table","","Woodland Photography Walk Coventry Tile Hill","0","0","0","no",""
"photographic-workshops-near-me/woodland-photography-walk-hay-woods","woodland-photography-walk-hay-woods","https://www.alanranger.com/photographic-workshops-near-me/woodland-photography-walk-hay-woods","event","event","event_table","","Woodland Photography Walk Hay Woods","0","0","0","no",""
"photographic-workshops-near-me/woodland-photography-walk-kenilworth-crackley-woods","woodland-photography-walk-kenilworth-crackley-woods","https://www.alanranger.com/photographic-workshops-near-me/woodland-photography-walk-kenilworth-crackley-woods","event","event","event_table","","Woodland Photography Walk Kenilworth Crackley Woods","0","0","0","no",""
"photographic-workshops-near-me/woodland-photography-walk-leamington-oakley-wood","woodland-photography-walk-leamington-oakley-wood","https://www.alanranger.com/photographic-workshops-near-me/woodland-photography-walk-leamington-oakley-wood","event","event","event_table","","Woodland Photography Walk | Leamington Spa | Oakley Wood","0","0","0","no",""
"photographic-workshops-near-me/woodland-photography-walk-meriden-millisons-wood","woodland-photography-walk-meriden-millisons-wood","https://www.alanranger.com/photographic-workshops-near-me/woodland-photography-walk-meriden-millisons-wood","event","event","event_table","","Woodland Photography Walk Meriden Millisons Wood","0","0","0","no",""
"photographic-workshops-near-me/woodland-photography-walk-solihull-hay-woods","woodland-photography-walk-solihull-hay-woods","https://www.alanranger.com/photographic-workshops-near-me/woodland-photography-walk-solihull-hay-woods","event","event","event_table","","Woodland Photography Walk Solihull Hay Woods","0","0","0","no",""
