source,reviewer_name,review_date,reference_id,product_slug,scope,priority,notes
Google,Richard Johnson,2026-03-27,,private-online-photography-classes-zoom,product,100,schema_fixes_zoom_retain_2026-10-06
Google,Martin Morris,2026-05-21,,secrets-of-woodland-photography-workshop,product,100,booking_reconciled
Google,Brain Smith Dsouza,2026-05-19,,secrets-of-woodland-photography-workshop,product,100,booking_reconciled
Google,Paul Farrington,2026-05-19,,peak-district-heather-photography-workshop,product,100,booking_reconciled
Google,Lisa Vincent,2026-05-18,,peak-district-heather-photography-workshop,product,100,booking_reconciled
Google,Alex McDonald,2026-05-16,,landscape-peak-district-photography-workshops-derbyshire,product,100,approved_apply_2026-10-06
Google,Sharon McDonald,2026-05-16,,peak-district-heather-photography-workshop,product,100,booking_reconciled
Google,Colin Whittaker,2026-05-16,,landscape-peak-district-photography-workshops-derbyshire,product,100,approved_apply_2026-10-06
Google,Dave Clarke,2026-05-16,,peak-district-heather-photography-workshop,product,100,booking_reconciled
Google,Ruth Martin,2026-04-27,,secrets-of-woodland-photography-workshop,product,100,booking_reconciled
Google,Paul Keating,2026-04-18,,secrets-of-woodland-photography-workshop,product,100,booking_reconciled
Google,Miles Huckle,2026-04-18,,secrets-of-woodland-photography-workshop,product,100,booking_reconciled
Google,Roz,2026-03-20,,,business_level,100,business_level_org_2026-10-06
Google,Francisca Solis Puello,2026-03-14,,professional-commercial-photographer-coventry,product,100,approved_apply_2026-10-06
Google,Paul Jackson,2025-05-26,,secrets-of-woodland-photography-workshop,product,100,approved_apply_2026-10-06
Google,Orr Shachar,2025-10-26,,batsford-arboretum-photography-workshops,product,100,approved_apply_2026-10-06
Google,Nicholas Barber,2025-10-24,,private-online-photography-classes-zoom,product,100,approved_apply_2026-10-06
Google,Philip Hart,2025-10-20,,landscape-peak-district-photography-workshops-derbyshire,product,100,approved_apply_2026-10-06
Google,Neil Barford,2025-10-20,,peak-district-heather-photography-workshop,product,100,booking_reconciled
Google,Derek Butt,2025-10-01,,landscape-photography-devon-hartland-quay,product,100,booking_reconciled
Google,Iglo Losa,2025-08-19,,secrets-of-woodland-photography-workshop,product,100,booking_reconciled
Google,Bill,2025-08-18,,peak-district-heather-photography-workshop,product,100,booking_reconciled
Google,john simpson,2025-08-15,,private-online-photography-classes-zoom,product,100,approved_apply_2026-10-06
Google,Gillian Taylor,2025-05-29,,landscape-peak-district-photography-workshops-derbyshire,product,100,approved_apply_2026-10-06
Google,Shahida Badiani,2025-05-26,,peak-district-heather-photography-workshop,product,100,booking_reconciled
Google,Michael Auinger,2025-05-23,,professional-commercial-photographer-coventry,product,100,approved_apply_2026-10-06
Google,Or Shachar,2025-04-23,,bluebell-woodlands-photography-workshops,product,100,approved_apply_2026-10-06
Google,David Proctor,2024-05-03,,bluebell-woodlands-photography-workshops,product,100,booking_reconciled
Google,Sanjay Kumar,2024-05-02,,bluebell-woodlands-photography-workshops,product,100,booking_reconciled
Google,Jane Harris,2024-04-22,,bluebell-woodlands-photography-workshops,product,100,approved_apply_2026-10-06
Google,Graham Ibbetson,2020-03-12,,wales-photography-workshop-pistyll-rhaeadr,product,100,booking_reconciled
Google,Ian Blake,2024-03-26,,suffolk-landscape-photography-workshops,product,100,booking_reconciled
Google,PAMELA DIGBY,2024-03-09,,suffolk-landscape-photography-workshops,product,100,booking_reconciled
Google,Nigel Capelle,2023-10-29,,landscape-photography-snowdonia-workshops,product,100,booking_reconciled
Google,Martin Vincent,2023-10-24,,batsford-arboretum-photography-workshops,product,100,booking_reconciled
Google,Dave Bayley,2021-11-02,,peak-district-heather-photography-workshop,product,100,booking_reconciled
Google,Garry Mumford,2021-10-19,,landscape-peak-district-photography-workshops-derbyshire,product,100,approved_apply_2026-10-06
Google,Trevor Davis,2021-10-18,,peak-district-heather-photography-workshop,product,100,booking_reconciled
Google,jill harrison,2018-10-30,,,business_level,100,business_level_org_2026-10-06
Google,Roger Neal,2018-10-16,,batsford-arboretum-photography-workshops,product,100,booking_reconciled
Google,Indianna,2026-01-02,,secrets-of-woodland-photography-workshop,product,100,booking_sheet_confirmed
Google,Anant Bhatia,2025-09-01,,secrets-of-woodland-photography-workshop,product,100,booking_sheet_confirmed
Google,Shelly Soo,2024-12-15,,lake-district-photography-workshop,product,100,alan_confirmed
Google,Robert Blann,2024-11-11,,peak-district-heather-photography-workshop,product,100,booking_sheet_confirmed
Google,Anne Veal,2024-11-16,,,business_level,100,business_level_org_2026-10-06
Google,Huw Jones,2021-11-14,,lake-district-photography-workshop,product,100,booking_sheet_confirmed
Google,Ian S. Bolton,2023-10-06,,secrets-of-woodland-photography-workshop,product,100,booking_sheet_confirmed
Google,Phil Martin,2021-08-09,,landscape-photography-devon-hartland-quay,product,100,booking_sheet_confirmed
Google,David Andringa,2021-07-15,,bluebell-woodlands-photography-workshops,product,100,booking_sheet_confirmed
Google,Con McHugh,2020-04-23,,ireland-photography-workshops-dingle,product,100,booking_sheet_confirmed
Google,Ina Wilkening,2020-04-19,,secrets-of-woodland-photography-workshop,product,100,booking_sheet_confirmed
Google,Laura Byrne,2017-02-21,,fireworks-photography-workshop-kenilworth,product,100,booking_sheet_confirmed
Google,Patricia Pearl,2025-12-15,,rps-mentoring-photography-course,product,100,approved_apply_2026-10-06
Google,Jason Read,2026-08-02,,secrets-of-woodland-photography-workshop,product,100,approved_apply_2026-10-06
Google,Adrian Thomas,2026-07-18,,photography-workshops-lavender-fields,product,100,approved_apply_2026-10-06
Google,Ian McHardy,2026-05-07,,four-private-photography-classes,product,100,f2f_move_to_four_2026-10-06
Google,Slothman118,2026-03-07,,,business_level,100,business_level_org_2026-10-06
Google,Martin Millington,2026-01-11,,secrets-of-woodland-photography-workshop,product,100,approved_apply_2026-10-06
Google,Tony Yeaman,2025-12-12,,private-online-photography-classes-zoom,product,100,approved_apply_2026-10-06
Google,John Ellis,2025-12-09,,photography-mentoring-online-assignments,product,100,schema_fixes_mentoring_2026-10-06
Google,kim pratt,2025-11-08,,abstract-and-macro-photography-workshops,product,100,approved_apply_2026-10-06
Google,Ergin Taşdelen,2025-10-16,,beginners-photography-course,product,100,approved_apply_2026-10-06
Google,Sean,2025-09-02,,,business_level,100,business_level_org_2026-10-06
Google,Joanne Tapp,2025-08-29,,landscape-peak-district-photography-workshops-derbyshire,product,100,approved_apply_2026-10-06
Google,Catalina Christensen,2025-08-25,,free-online-photography-course,product,100,schema_fixes_academy_2026-10-06
Google,Bruce Radebaugh,2025-08-24,,free-online-photography-course,product,100,schema_fixes_academy_2026-10-06
Google,Andrew Blaxhall,2025-08-24,,free-online-photography-course,product,100,schema_fixes_academy_2026-10-06
Google,Michael Simm,2025-08-24,,intermediates-intentions-photography-project-course,product,100,approved_apply_2026-10-06
Google,Andrew Morris,2025-08-24,,four-private-photography-classes,product,100,f2f_move_to_four_2026-10-06
Google,john simpson,2025-07-29,,private-online-photography-classes-zoom,product,100,approved_apply_2026-10-06
Google,Chris Dunn,2025-05-07,,batsford-arboretum-photography-workshops,product,100,approved_apply_2026-10-06
Google,Barbara Bett,2025-05-01,,four-private-photography-classes,product,100,f2f_move_to_four_2026-10-06
Google,John Grubb,2025-05-01,,four-private-photography-classes,product,100,f2f_move_to_four_2026-10-06
Google,Karen & Dave,2025-03-25,,beginners-photography-course,product,100,approved_apply_2026-10-06
Google,Ian Burns,2025-03-21,,four-private-photography-classes,product,100,f2f_move_to_four_2026-10-06
Google,Richard Hill,2025-03-10,,beginners-photography-course,product,100,approved_apply_2026-10-06
Google,Kirsty Lilley,2024-08-18,,private-online-photography-classes-zoom,product,100,approved_apply_2026-10-06
Google,Jan & Gary Boulter,2020-04-11,,photography-mentoring-online-assignments,product,100,schema_fixes_mentoring_2026-10-06
Google,re wu,2023-11-16,,,business_level,100,business_level_org_2026-10-06
Google,Mike,2023-11-09,,,business_level,100,business_level_org_2026-10-06
Google,Holly McDonnell,2023-08-18,,beginners-photography-course,product,100,approved_apply_2026-10-06
Google,chris brown,2022-11-10,,four-private-photography-classes,product,100,f2f_move_to_four_2026-10-06
Google,John Flack,2020-04-24,,photography-mentoring-online-assignments,product,100,schema_fixes_mentoring_2026-10-06
Google,Matthew Payton,2022-01-24,,four-private-photography-classes,product,100,schema_fixes_f2f_2026-10-06
Google,Scott Dance,2021-12-18,,rps-mentoring-photography-course,product,100,approved_apply_2026-10-06
Google,Patricia Willis,2021-11-10,,photography-mentoring-online-assignments,product,100,schema_fixes_mentoring_2026-10-06
Google,Peter Hagger,2021-08-11,,rps-mentoring-photography-course,product,100,approved_apply_2026-10-06
Google,seun adeusi,2021-10-06,,,business_level,100,business_level_org_2026-10-06
Google,Claire Hannis,2021-09-28,,four-private-photography-classes,product,100,f2f_move_to_four_2026-10-06
Google,Nicholas Barber,2021-08-11,,private-online-photography-classes-zoom,product,100,approved_apply_2026-10-06
Google,dp,2021-06-17,,,business_level,100,business_level_org_2026-10-06
Google,Nick DeCianti,2021-05-14,,private-online-photography-classes-zoom,product,100,approved_apply_2026-10-06
Google,Daren Baker,2021-04-09,,lightroom-courses-for-beginners-coventry,product,100,approved_apply_2026-10-06
Google,Ash Routen,2020-06-27,,four-private-photography-classes,product,100,f2f_move_to_four_2026-10-06
Google,Sean Bruen,2020-05-26,,private-online-photography-classes-zoom,product,100,approved_apply_2026-10-06
Google,George H,2020-05-18,,,business_level,100,business_level_org_2026-10-06
Google,Chris Johnson,2020-04-27,,lightroom-courses-for-beginners-coventry,product,100,approved_apply_2026-10-06
Google,Chris Burnard,2020-04-21,,private-online-photography-classes-zoom,product,100,approved_apply_2026-10-06
