reviewer,date,old_slug,new_slug,reason,confidence,source,evidence
Sam Franklin,2026-09-23,camera-sensor-clean,long-exposure-photography-kenilworth,named Kenilworth long-exposure workshop,HIGH,Google,Had a fantastic experience during the photography workshop at Kenilworth Castle.  Alan is very knowledgeable and easy to talk to!  Will be looking to book anoth
Simon Chatterley,2026-09-23,camera-sensor-clean,long-exposure-photography-kenilworth,named Kenilworth long-exposure workshop,HIGH,Google,Had a great evening with Alan at kennelworth castle long exposure workshop. It gave me a new insight to my photography and helped me unlock settings and gave me
Penelope Ulander,2026-09-15,urban-architecture-photography-workshops-coventry,landscape-photography-devon-hartland-quay,named Hartland Quay,HIGH,Google,Alan Ranger came highly recommended by a friend working on his RPS associate distinction. I'm so glad I joined his Hartland Quay workshop earlier this month. I 
John Madigan,2023-10-26,batsford-arboretum-photography-workshops,photography-workshops-lavender-fields,named lavender fields,HIGH,Google,Lavender fields and flowers another rewarding subject to photograph steered by Alan.  A good couple of hours.
Kate Clay,2026-07-16,camera-sensor-clean,beginners-photography-course,beginners course,HIGH,Google,I attended the intro 3 week course and it was excellent. I have for a long time wanted to 'get off auto' and Alan made that possible and enjoyable. I have loved
Harmit Kuner,2026-07-16,camera-sensor-clean,beginners-photography-course,same-day peer Kate Clay beginners text (tie-break),MEDIUM,Google,"Good, friendly tuition. Highly recommended."
Dean Le Page,2026-06-03,sezincote-garden-photography-workshop,private-online-photography-classes-zoom,Zoom / online 1-1,HIGH,Google,Had an introductory 1-1 zoom session to help me develop my woodland photography skills. Alan was honest and forthright in what I needed to do to improve. Will b
Richard Johnson,2026-03-27,rps-mentoring-photography-course,,RPS mentoring — confirm slug,LOW,Google,Alan provided me with RPS Mentoring for a distinction submission. He has huge knowledge of the process and what the judges base their scoring on. I learnt a lot
Mahmood Esmail,2026-05-27,sezincote-garden-photography-workshop,lightroom-courses-for-beginners-coventry,named Lightroom course,HIGH,Google,Lightroom Course with Alan Great 3 session course to really get to understand how to use Lightroom Classic effectively.
Sue Green,2026-05-27,sezincote-garden-photography-workshop,lightroom-courses-for-beginners-coventry,named Lightroom course,HIGH,Google,Lightroom course Excellent. Very informative Very helpful answering our questions
Michael White,2026-05-20,sezincote-garden-photography-workshop,landscape-photography-workshops-anglesey,named Anglesey residential,HIGH,Google,"My wife and I want to offer our highest recommendations for Alan Ranger’s workshop in Anglesey, Wales. The sites to which Alan guided us were spectacular, the i"
Alex McDonald,2026-05-16,peak-district-heather-photography-workshop,,Peak/Hope named but multi-product — flag,LOW,Google,"Great time in the Peak District, first time using a tripod so received lots of helpful tips even as a beginner."
Colin Whittaker,2026-05-16,landscape-peak-district-photography-workshops-derbyshire,,Peak/Hope named but multi-product — flag,LOW,Google,Really enjoyed the Peak District photography workshop run by Alan.
Sofiagzagdo,2026-05-02,yorkshire-dales-photography-workshops,lightroom-courses-for-beginners-coventry,named Lightroom course,HIGH,Google,"This is a great photography course! I had very little knowledge about photography and a lot of questions… Alan is super knowledgeable, patient and takes the tim"
V Webb,2026-04-26,secrets-of-woodland-photography-workshop,bluebell-woodlands-photography-workshops,named bluebell,HIGH,Google,Fantastic bluebell photography workshop. Incredible location and brilliant stewardship through the woodland itself and best shots/camera setup. Thank you!
Roz,2026-03-20,beginners-photography-course,,commercial/service — no product slug in catalog,LOW,Google,I am in New Orleans USA and needed a location shoot in Coventry. I emailed several photographers and Alan was the only one that  promptly replied back and discu
Francisca Solis Puello,2026-03-14,beginners-photography-course,,commercial/service — no product slug in catalog,LOW,Google,"Before the session, Alan made sure to understand how I would be using the photos he was going to take and asked about all my requirements to ensure he could off"
Sandra Dawkes,2025-09-29,rps-mentoring-photography-course,private-online-photography-classes-zoom,Zoom / online 1-1,HIGH,Google,"A few days prior to the evening workshop Alan sent through a 2 page worksheet packing with useful information, which I found helpful. Alan also set the bracketi"
Paul Jackson,2025-05-26,secrets-of-woodland-photography-workshop,,generic praise — use booking/date peer only; flagged,LOW,Google,Had a great day with Alan on his woodland photography day. Very knowledgeable and a great teacher. Great tips from compositions and editing. Highly recommended.
Jack,2025-11-21,beginners-photography-course,private-online-photography-classes-zoom,Zoom / online 1-1,HIGH,Google,We've just finished up a 3 week beginners photography course with Alan and really enjoyed it! Alan was a great teacher and would have a laugh with you but also 
Graham Rousell,2025-11-20,beginners-photography-course,camera-sensor-clean,sensor clean service language,HIGH,Google,I approached Alan because I was seeing dark spots appearing within my photographs.   It needed a sensor clean and although I could see various kits on-line adve
Orr Shachar,2025-10-26,batsford-arboretum-photography-workshops,,generic praise — use booking/date peer only; flagged,LOW,Google,Great guidance and expertise - highly recommended
Nicholas Barber,2025-10-24,batsford-arboretum-photography-workshops,private-online-photography-classes-zoom,Zoom / online 1-1,HIGH,Google,"I had a 1h 1:1 online mentoring session with Alan to sort out how to deal with my images on a long holiday. He was brilliant, clear instructions and a 2 page ac"
Atmos,2025-10-20,batsford-arboretum-photography-workshops,beginners-photography-course,beginners course,HIGH,Google,I really enjoyed Alan’s beginner photography course. I have been taking photos for a couple of years but learned a lot in three sessions. I’m more informed on h
Philip Hart,2025-10-20,peak-district-heather-photography-workshop,,Peak/Hope named but multi-product — flag,LOW,Google,I had a day with Alan in the Peak district. We went to two locations that gave  varied types of subject. It helped me with understanding some of the technical a
Mattia Tosi,2021-09-13,landscape-photography-workshops-anglesey,lightroom-courses-for-beginners-coventry,named Lightroom course,HIGH,Google,"I would recommend Alan to everyone! I've done the Beginner's Photography course, the Lightroom course and two workshops and thanks to these and Alan's coaching "
Gillian Taylor,2025-05-29,peak-district-heather-photography-workshop,,Peak/Hope named but multi-product — flag,LOW,Google,Thoroughly enjoyed the workshop in the Peak District. Alan’s knowledge is excellent. The group were great to be with and we all had so many questions to ask Ala
Michael Auinger,2025-05-23,beginners-photography-course,,commercial/service — no product slug in catalog,LOW,Google,Alan is an amazing photographer! The photos are excellent and were sent on the same day (digital version). It all went really smooth. Definitely calling him aga
Kerrie Porter,2025-05-21,beginners-photography-course,long-exposure-photography-kenilworth,named Kenilworth long-exposure workshop,HIGH,Google,I joined Alan for a long exposure photography lesson at Kenilworth Castle on a beautiful May evening. While the sunny weather wasn’t ideal for long exposure sho
Or Shachar,2025-04-23,bluebell-woodlands-photography-workshops,,generic praise — use booking/date peer only; flagged,LOW,Google,Great workshop in a really nice location. Alan was very friendly and professional and had the right balance of helping and letting us challenge ourselves. Highl
Shelly Soo,2024-09-26,lake-district-photography-workshop,lightroom-courses-for-beginners-coventry,named Lightroom course,HIGH,Google,I have thoroughly enjoyed the Lake District photography workshop with a lovely small group.  We were blessed with excellent weather those few days.  Alan drove 
Kelly Westwood,2024-02-19,beginners-photography-course,lightroom-courses-for-beginners-coventry,named Lightroom course,HIGH,Google,I thoroughly enjoyed both the beginners photography course and the lightroom course. I am a complete beginner but feel like I have learned so much. Alan is real
Emoke Ispan,2023-10-11,garden-photography-workshop,lightroom-courses-for-beginners-coventry,named Lightroom course,HIGH,Google,I have attended 2 photography courses (beginners & Lightroom) and 2 workshops (garden & woodland) with Alan so far and I really enjoyed all of them! He's a grea
Garry Mumford,2021-10-19,peak-district-heather-photography-workshop,,Peak/Hope named but multi-product — flag,LOW,Google,I attended a one day workshop run by Alan in the Peak District. I found him very approachable and he offered up great ideas about composition and suggested usin
jill harrison,2018-10-30,batsford-arboretum-photography-workshops,,generic praise — use booking/date peer only; flagged,LOW,Google,Alan is a very good teacher - always available to comment and makes lots of suggestions and recommendations but lets you get on with your own stuff. Highly reco
Sarah Kuner,2026-07-19,beginners-photography-course,private-online-photography-classes-zoom,Zoom / online 1-1,HIGH,Google,I attended Alan's beginner's photography course to learn about how to fully understand the manual settings on my camera to up my camera game. Alan clearly expla
Joanne galloway,2023-08-20,bluebell-woodlands-photography-workshops,photography-workshops-lavender-fields,named lavender fields,HIGH,Google,Another excellent workshop at the Lavender Fields at Snowshill  with superb guidance from Alan on how to get the best from the beautiful lavender . Sharing his 
Anne Veal,2024-11-16,peak-district-heather-photography-workshop,,Peak/Hope named but multi-product — flag,LOW,Google,I am an absolute beginner and was concerned that I would be overwhelmed. Alan was patient and helped me get to grip with the basics. He shared his knowledge and
Kasia jan,2021-02-25,lightroom-courses-for-beginners-coventry,private-online-photography-classes-zoom,Zoom / online 1-1,HIGH,Google,"Excellent zoom class. Very professional and packed with knowledge. I have learned a lot during this session, got inspired and would recommend to  anyone who wan"
Patricia Pearl,2025-12-15,rps-mentoring-photography-course,,generic praise — use booking/date peer only; flagged,LOW,Google,"Alan is very professional in his approach, and is able to communicate well – sharing a wealth of his expert photographic knowledge. Highly recommended  as a tut"
