review_source,reviewer_name,review_date,rating,has_text,review_excerpt,current_slug,proposed_slug,matched_client_name,matched_booking_date,matched_event_label,days_between,evidence,confidence,why_not_in_product_reviews
A_LOW_reattribution,Richard Johnson,2026-03-27,FIVE,yes,Alan provided me with RPS Mentoring for a distinction submission. He has huge knowledge of the process and what the judg,,private-online-photography-classes-zoom,Richard Johnson,2026-03-24,4 x 1hr Zoom,3,name=exact(1.00); days_before=3; text=neutral; cat=7. 1-2-1,HIGH,03b_blank_slug_not_ingested
A_LOW_reattribution,Alex McDonald,2026-05-16,FIVE,yes,"Great time in the Peak District, first time using a tripod so received lots of helpful tips even as a beginner.",,,,,,,no booking name+date candidate within 120d before review,LOW,03b_blank_slug_not_ingested
A_LOW_reattribution,Colin Whittaker,2026-05-16,FIVE,yes,Really enjoyed the Peak District photography workshop run by Alan.,,,,,,,no booking name+date candidate within 120d before review,LOW,03b_blank_slug_not_ingested
A_LOW_reattribution,Roz,2026-03-20,FIVE,yes,I am in New Orleans USA and needed a location shoot in Coventry. I emailed several photographers and Alan was the only o,,,,,,,no booking name+date candidate within 120d before review,LOW,03b_blank_slug_not_ingested
A_LOW_reattribution,Francisca Solis Puello,2026-03-14,FIVE,yes,"Before the session, Alan made sure to understand how I would be using the photos he was going to take and asked about al",,professional-commercial-photographer-coventry,Francisca Solis Puello,2026-03-05,Author Photos,9,name=exact(1.00); days_before=9; text=neutral; cat=11 Commissions,HIGH,03b_blank_slug_not_ingested
A_LOW_reattribution,Paul Jackson,2025-05-26,FIVE,yes,Had a great day with Alan on his woodland photography day. Very knowledgeable and a great teacher. Great tips from compo,,,,,,,no booking name+date candidate within 120d before review,LOW,03b_blank_slug_not_ingested
A_LOW_reattribution,Orr Shachar,2025-10-26,FIVE,yes,Great guidance and expertise - highly recommended,,,,,,,no booking name+date candidate within 120d before review,LOW,03b_blank_slug_not_ingested
A_LOW_reattribution,Philip Hart,2025-10-20,FOUR,yes,I had a day with Alan in the Peak district. We went to two locations that gave varied types of subject. It helped me wit,,,,,,,no booking name+date candidate within 120d before review,LOW,03b_blank_slug_not_ingested
A_LOW_reattribution,Gillian Taylor,2025-05-29,FIVE,yes,Thoroughly enjoyed the workshop in the Peak District. Alan’s knowledge is excellent. The group were great to be with and,,landscape-peak-district-photography-workshops-derbyshire,Gillian Taylor,2025-03-29,Padley,61,name=exact(1.00); days_before=61; text=consistent; cat=2. Workshops Non Residential,MEDIUM,03b_blank_slug_not_ingested
A_LOW_reattribution,Michael Auinger,2025-05-23,FIVE,yes,Alan is an amazing photographer! The photos are excellent and were sent on the same day (digital version). It all went r,,professional-commercial-photographer-coventry,Michael Auinger,2025-05-21,Portrait Shoot,2,name=exact(1.00); days_before=2; text=neutral; cat=11 Commissions,HIGH,03b_blank_slug_not_ingested
A_LOW_reattribution,Or Shachar,2025-04-23,FIVE,yes,Great workshop in a really nice location. Alan was very friendly and professional and had the right balance of helping a,,,,,,,no booking name+date candidate within 120d before review,LOW,03b_blank_slug_not_ingested
A_LOW_reattribution,Garry Mumford,2021-10-19,FIVE,yes,I attended a one day workshop run by Alan in the Peak District. I found him very approachable and he offered up great id,,,,,,,no booking name+date candidate within 120d before review,LOW,03b_blank_slug_not_ingested
A_LOW_reattribution,jill harrison,2018-10-30,FIVE,yes,Alan is a very good teacher - always available to comment and makes lots of suggestions and recommendations but lets you,,,,,,,no booking name+date candidate within 120d before review,LOW,03b_blank_slug_not_ingested
A_LOW_reattribution,Anne Veal,2024-11-16,FIVE,yes,I am an absolute beginner and was concerned that I would be overwhelmed. Alan was patient and helped me get to grip with,,,,,,,no booking name+date candidate within 120d before review,LOW,03b_blank_slug_not_ingested
A_LOW_reattribution,Patricia Pearl,2025-12-15,FIVE,yes,"Alan is very professional in his approach, and is able to communicate well – sharing a wealth of his expert photographic",,rps-mentoring-photography-course,Patricia Pearl,2025-09-16,RPS,90,name=exact(1.00); days_before=90; text=neutral; cat=7. 1-2-1,MEDIUM,03b_blank_slug_not_ingested
B_not_in_product_reviews,Jason Read,2026-08-02,FIVE,yes,"Great day spent learning my camera, taking photos in the woods and then editing them afterwards. Great day, learnt a lot",,secrets-of-woodland-photography-workshop,Jason Read,2026-06-18,Woodland Masterclass,45,name=exact(1.00); days_before=45; text=neutral; cat=2. Workshops Non Residential,MEDIUM,not_in_03b_with_text
B_not_in_product_reviews,Adrian Thomas,2026-07-18,FIVE,yes,"Alan always makes me feel comfortable when I go on his courses. I was getting in a rut with my photography, but he has g",,photography-workshops-lavender-fields,Adrian Thomas,2026-06-25,Lavender,23,name=exact(1.00); days_before=23; text=neutral; cat=2. Workshops Non Residential,HIGH,not_in_03b_with_text
B_not_in_product_reviews,Ian McHardy,2026-05-07,FIVE,yes,I spent a very informative and enlightening morning with Alan where he gave me a greater understanding of my Sony Alpha ,,,Diane McHardy,2026-03-27,2hr f2f 1-2-1,41,weak name=surname_only(0.55); days=41; text=neutral,LOW,not_in_03b_with_text
B_not_in_product_reviews,Slothman118,2026-03-07,FIVE,yes,Excellent workshop experience. Learned valuable skills for photography with moving objects and excellent scenery,,,,,,,no booking name+date candidate within 120d before review,LOW,not_in_03b_with_text
B_not_in_product_reviews,Martin Millington,2026-01-11,FIVE,yes,"Friendly chap, patient and very informative! Shame the weather was a bit rubbish. Definitely recommend!",,,Clare Millington,2025-11-22,woodland Masterclass,50,weak name=surname_only(0.55); days=50; text=neutral,LOW,not_in_03b_with_text
B_not_in_product_reviews,Tony Yeaman,2025-12-12,FIVE,yes,Fantastic first session. Looking forward on the next one.,,private-online-photography-classes-zoom,Tony Yeaman,2025-12-09,1hr 1-2-1,3,name=exact(1.00); days_before=3; text=neutral; cat=7. 1-2-1,HIGH,not_in_03b_with_text
B_not_in_product_reviews,John Ellis,2025-12-09,FIVE,yes,Alan’s advice and help is always invaluable. I’ve been taking part in the monthly mentoring sessions for the past year a,,,,,,,no booking name+date candidate within 120d before review,LOW,not_in_03b_with_text
B_not_in_product_reviews,kim pratt,2025-11-08,FIVE,yes,"A wonderful experience, Alan is very knowledgeable man. I came away with valuable knowledge to practice at home with how",,abstract-and-macro-photography-workshops,Kim Pratt,2025-11-02,Macro,6,name=exact(1.00); days_before=6; text=neutral; cat=2. Workshops Non Residential,HIGH,not_in_03b_with_text
B_not_in_product_reviews,Jill Bowman,2025-10-28,FIVE,no,,batsford-arboretum-photography-workshops,,,,,,no booking name+date candidate within 120d before review,LOW,03b_empty_quote_ingest_skipped
B_not_in_product_reviews,Ergin Taşdelen,2025-10-16,FIVE,yes,Great Photography lessons with Alan! The lessons were inspiring and well-structured. I learned new techniques that made ,,,,,,,no booking name+date candidate within 120d before review,LOW,not_in_03b_with_text
B_not_in_product_reviews,Jack Ranger,2025-10-05,FIVE,no,,beginners-photography-course,,,,,,no booking name+date candidate within 120d before review,LOW,03b_empty_quote_ingest_skipped
B_not_in_product_reviews,Sean,2025-09-02,FIVE,yes,Mr Ranger is a wonderful photographer and is not shy to share his vast knowledge of this subject. His articles are easy ,,,,,,,no booking name+date candidate within 120d before review,LOW,not_in_03b_with_text
B_not_in_product_reviews,Anant Bhatia,2025-09-01,FIVE,no,,secrets-of-woodland-photography-workshop,,,,,,no booking name+date candidate within 120d before review,LOW,03b_empty_quote_ingest_skipped
B_not_in_product_reviews,Joanne Tapp,2025-08-29,FIVE,yes,A great Workshop - I now have the confidence to move from using Auto to Manual with clear straightforward guidance from ,,,,,,,no booking name+date candidate within 120d before review,LOW,not_in_03b_with_text
B_not_in_product_reviews,mahta safarzadeh,2025-08-26,FIVE,no,,,,,,,,no booking name+date candidate within 120d before review,LOW,raw_no_text
B_not_in_product_reviews,Catalina Christensen,2025-08-25,FIVE,yes,A fantastic free resource to learn about photography!!! Very good explanations off all the necessary concepts to get fam,,,,,,,no booking name+date candidate within 120d before review,LOW,not_in_03b_with_text
B_not_in_product_reviews,Bruce Radebaugh,2025-08-24,FIVE,yes,"Alan's lessons are clear, concise and maybe the best on helping with excellent tips to take better photos and attract mo",,,,,,,no booking name+date candidate within 120d before review,LOW,not_in_03b_with_text
B_not_in_product_reviews,Kokab Ayesha,2025-08-24,FOUR,no,,,,,,,,no booking name+date candidate within 120d before review,LOW,raw_no_text
B_not_in_product_reviews,Andrew Blaxhall,2025-08-24,FIVE,yes,"Great helpful material, great presentation and ideas",,,,,,,no booking name+date candidate within 120d before review,LOW,not_in_03b_with_text
B_not_in_product_reviews,Michael Simm,2025-08-24,FIVE,yes,I can’t recommend this course enough. It really does cover everything in a very comprehensive and easily digestible way.,,intermediates-intentions-photography-project-course,Michael Simm,2025-06-29,E-book online course,56,name=exact(1.00); days_before=56; text=neutral; cat=12. Academy,MEDIUM,not_in_03b_with_text
B_not_in_product_reviews,Andrew Morris,2025-08-24,FIVE,yes,Would highly recommend if you're thinking about taking up photography as either a hobby or profession.,,,Andrew Morris,2025-05-23,1hr 1-2-1,93,weak name=exact(1.00); days=93; text=neutral,LOW,not_in_03b_with_text
B_not_in_product_reviews,john simpson,2025-07-29,FIVE,no,,,private-online-photography-classes-zoom,John Simpson,2025-07-22,1hr Zoom,7,name=exact(1.00); days_before=7; text=neutral; cat=7. 1-2-1,HIGH,raw_no_text
B_not_in_product_reviews,Chris Dunn,2025-05-07,FIVE,yes,"Alan is an excellent and highly knowledgeable photography tutor. I’ve learned a great deal from our online sessions, and",,batsford-arboretum-photography-workshops,Christopher Dunn,2025-05-06,Batsford & Chesterton,1,name=surname_initial(0.80); days_before=1; text=neutral; cat=2. Workshops Non Residential,MEDIUM,not_in_03b_with_text
B_not_in_product_reviews,Barbara Bett,2025-05-01,FIVE,yes,Recently two of us had a morning’s practical tuition with Alan at an outside location with the aim of improving our land,,private-online-photography-classes-zoom,BARBARA BETT,2025-03-30,Warwickshire,32,name=exact(1.00); days_before=32; text=neutral; cat=7. 1-2-1,MEDIUM,not_in_03b_with_text
B_not_in_product_reviews,John Grubb,2025-05-01,FIVE,yes,"Great experience, I came away very satisfied that Alan had achieved his brief and I am more confident taking good landsc",,,,,,,no booking name+date candidate within 120d before review,LOW,not_in_03b_with_text
B_not_in_product_reviews,Raamakrishnan NS,2025-04-30,FIVE,no,,,,,,,,no booking name+date candidate within 120d before review,LOW,raw_no_text
B_not_in_product_reviews,Karen & Dave,2025-03-25,FIVE,yes,I really enjoyed the Basic Photography course. Alan showed me how to properly use my camera and I'm looking forward to b,,,,,,,no booking name+date candidate within 120d before review,LOW,not_in_03b_with_text
B_not_in_product_reviews,Ian Burns,2025-03-21,FIVE,yes,Alan has a passion for photography and his explanation of the subject was easy to follow as a less experienced person. C,,,,,,,no booking name+date candidate within 120d before review,LOW,not_in_03b_with_text
B_not_in_product_reviews,Richard Hill,2025-03-10,FIVE,yes,"Alan is such a friendly host, full of knowledge and a strong history of photography. His people skills and approach to t",,,,,,,no booking name+date candidate within 120d before review,LOW,not_in_03b_with_text
B_not_in_product_reviews,Mumbere Nzanzu,2024-09-17,FIVE,no,,secrets-of-woodland-photography-workshop,,,,,,no booking name+date candidate within 120d before review,LOW,03b_empty_quote_ingest_skipped
B_not_in_product_reviews,Kirsty Lilley,2024-08-18,FIVE,yes,"Alan is an intuitive, knowledgeable and thoughtful tutor. I have just completed 4 sessions as a beginner and can already",,private-online-photography-classes-zoom,Kirsty Lilley,2024-08-12,4x2hr 121s,6,name=exact(1.00); days_before=6; text=neutral; cat=7. 1-2-1,HIGH,not_in_03b_with_text
B_not_in_product_reviews,Jan & Gary Boulter,2020-04-11,FIVE,yes,Update July 2024 - another very successful meeting with Alan. Helped me focus on where I am going with a project and pro,,,,,,,no booking name+date candidate within 120d before review,LOW,not_in_03b_with_text
B_not_in_product_reviews,Jane Harris,2024-04-22,FIVE,no,,bluebell-woodlands-photography-workshops,bluebell-woodlands-photography-workshops,Jane Harris,2024-02-09,Bluebells,73,name=exact(1.00); days_before=73; text=neutral; cat=2. Workshops Non Residential,MEDIUM,03b_empty_quote_ingest_skipped
B_not_in_product_reviews,re wu,2023-11-16,FIVE,yes,"I have attended a few good workshop with Alan and done some face to face lessons and summarizing, if you are looking for",,,,,,,no booking name+date candidate within 120d before review,LOW,not_in_03b_with_text
B_not_in_product_reviews,Mike,2023-11-09,FIVE,yes,Alan's workshop was my first such course and combined a perfect combination of theory and practical guidance on composit,,,,,,,no booking name+date candidate within 120d before review,LOW,not_in_03b_with_text
B_not_in_product_reviews,Holly McDonnell,2023-08-18,FIVE,yes,"Amazing mentor, fantastic photographer. Will definitely book more courses in the future. Would give ten stars if I could",,,,,,,no booking name+date candidate within 120d before review,LOW,not_in_03b_with_text
B_not_in_product_reviews,chris brown,2022-11-10,FIVE,yes,Really educational and practical 1-2-1 session with Alan. Extremely worthwhile.,,,,,,,no booking name+date candidate within 120d before review,LOW,not_in_03b_with_text
B_not_in_product_reviews,John Flack,2020-04-24,FIVE,yes,Brilliant!!! Had several mentoring feedback sessions and all of them have been beneficial. Every session full of useful ,,,,,,,no booking name+date candidate within 120d before review,LOW,not_in_03b_with_text
B_not_in_product_reviews,Matthew Payton,2022-01-24,FIVE,yes,I've booked a block of 4 two hour 1-1 sessions with Alan in order to gain the knowledge and experience that I need to st,,,,,,,no booking name+date candidate within 120d before review,LOW,not_in_03b_with_text
B_not_in_product_reviews,Jane Robb,2021-12-25,FIVE,no,,,,,,,,no booking name+date candidate within 120d before review,LOW,raw_no_text
B_not_in_product_reviews,Scott Dance,2021-12-18,FIVE,yes,"Had a meeting with Alan , very supportive and honest with feedback of my work. Encouraging and good points raised in a p",,,,,,,no booking name+date candidate within 120d before review,LOW,not_in_03b_with_text
B_not_in_product_reviews,Patricia Willis,2021-11-10,FIVE,yes,Very encouraging and supportive. An excellent manner that left me feeling very positive that I could improve my photogra,,,,,,,no booking name+date candidate within 120d before review,LOW,not_in_03b_with_text
B_not_in_product_reviews,Peter Hagger,2021-08-11,FOUR,yes,"Had a very good mentoring session last night with Alan, plenty of work for me to do but soem very good feedback. Feel mo",,,,,,,no booking name+date candidate within 120d before review,LOW,not_in_03b_with_text
B_not_in_product_reviews,Karen Skillings,2021-10-27,FIVE,no,,batsford-arboretum-photography-workshops,,,,,,no booking name+date candidate within 120d before review,LOW,03b_empty_quote_ingest_skipped
B_not_in_product_reviews,Sarah Carter,2021-10-14,ONE,no,,abstract-and-macro-photography-workshops,,,,,,no booking name+date candidate within 120d before review,LOW,03b_empty_quote_ingest_skipped
B_not_in_product_reviews,seun adeusi,2021-10-06,THREE,yes,Great,,,,,,,no booking name+date candidate within 120d before review,LOW,not_in_03b_with_text
B_not_in_product_reviews,Claire Hannis,2021-09-28,FIVE,yes,"From the very first session with Alan, my photography skills have improved! The lessons are well thought out with clear ",,,,,,,no booking name+date candidate within 120d before review,LOW,not_in_03b_with_text
B_not_in_product_reviews,Gill Henderson,2021-09-19,FOUR,no,,,,,,,,no booking name+date candidate within 120d before review,LOW,raw_no_text
B_not_in_product_reviews,Hermon Mehari,2021-09-19,FIVE,no,,,,,,,,no booking name+date candidate within 120d before review,LOW,raw_no_text
B_not_in_product_reviews,maria iqbal,2021-09-07,FIVE,no,,secrets-of-woodland-photography-workshop,,,,,,no booking name+date candidate within 120d before review,LOW,03b_empty_quote_ingest_skipped
B_not_in_product_reviews,Nicholas Barber,2021-08-11,FIVE,yes,I had a 2h f2f mentoring session with Alan. I thought I was pretty knowledgeable about photography however I was amazed ,,,,,,,no booking name+date candidate within 120d before review,LOW,not_in_03b_with_text
B_not_in_product_reviews,dp,2021-06-17,FIVE,yes,I've only done 1 session but so far so good. The service is very professional and supportive. The feedback on my work wa,,,,,,,no booking name+date candidate within 120d before review,LOW,not_in_03b_with_text
B_not_in_product_reviews,Nick DeCianti,2021-05-14,FIVE,yes,Alan is very easy to work with and a good listener and teacher. I will use again.,,,,,,,no booking name+date candidate within 120d before review,LOW,not_in_03b_with_text
B_not_in_product_reviews,Daren Baker,2021-04-09,FIVE,yes,Having completed 6 of Alan’s online courses I have learned so much. They were conducted professionally and with a person,,,,,,,no booking name+date candidate within 120d before review,LOW,not_in_03b_with_text
B_not_in_product_reviews,Ash Routen,2020-06-27,FIVE,yes,I booked a one-to-one tutorial session with Alan at a local National Trust property. Alan was very personable and explai,,,,,,,no booking name+date candidate within 120d before review,LOW,not_in_03b_with_text
B_not_in_product_reviews,Sean Bruen,2020-05-26,FIVE,yes,"Alan was patient, logical and unflappable.",,,,,,,no booking name+date candidate within 120d before review,LOW,not_in_03b_with_text
B_not_in_product_reviews,George H,2020-05-18,FIVE,yes,"Excellent tips and tricks, really enjoyed the session!",,,,,,,no booking name+date candidate within 120d before review,LOW,not_in_03b_with_text
B_not_in_product_reviews,Chris Johnson,2020-04-27,FOUR,yes,Always come away from one of Alan’s courses feeling invigorated and keen to practice what was taught,,,,,,,no booking name+date candidate within 120d before review,LOW,not_in_03b_with_text
B_not_in_product_reviews,Chris Burnard,2020-04-21,FIVE,yes,"Really enjoy the lessons that I am having with Alan who is able to share his expertise with me at my level, thank you an",,,,,,,no booking name+date candidate within 120d before review,LOW,not_in_03b_with_text
B_not_in_product_reviews,Ruby Ranger,2019-12-25,FIVE,no,,,,,,,,no booking name+date candidate within 120d before review,LOW,raw_no_text
