reviewer,date,rating,review,scope
jill harrison,2018-10-30,FIVE,Alan is a very good teacher - always available to comment and makes lots of suggestions and recommendations but lets you get on with your own stuff. Highly recommended,business_level
Anne Veal,2024-11-16,FIVE,I am an absolute beginner and was concerned that I would be overwhelmed. Alan was patient and helped me get to grip with the basics. He shared his knowledge and experience with the group. A thoroughly enjoyable afternoon in the beautiful Peak District.,business_level
Slothman118,2026-03-07,FIVE,Excellent workshop experience. Learned valuable skills for photography with moving objects and excellent scenery,business_level
Sean,2025-09-02,FIVE,Mr Ranger is a wonderful photographer and is not shy to share his vast knowledge of this subject. His articles are easy to read and even easier to follow.,business_level
re wu,2023-11-16,FIVE,"I have attended a few good workshop with Alan and done some face to face lessons and summarizing, if you are looking for passionate, knowledgeable photographer who will guide you through this sometime complicated but also fascinating world, it is Alan. He is not a photographer but and artist and soulful person, who will inspire you with his stories as a person and teach you a lot with his experience. Workshops gave me very valuable time in beautiful places and interesting people, which worth is every penny as a life experience.",business_level
Mike,2023-11-09,FIVE,"Alan's workshop was my first such course and combined a perfect combination of theory and practical guidance on composition and camera use. Regardless of your level of experience, Alan's workshops provide a friendly and constructive environment in which to enhance your skills. I look forward to the next one.",business_level
seun adeusi,2021-10-06,THREE,Great,business_level
dp,2021-06-17,FIVE,I've only done 1 session but so far so good. The service is very professional and supportive. The feedback on my work was honest and encouraging. I'm looking forward to seeing how working with Alan develops.,business_level
George H,2020-05-18,FIVE,"Excellent tips and tricks, really enjoyed the session!",business_level
Roz,2026-03-20,FIVE,"I am in New Orleans USA and needed a location shoot in Coventry. I emailed several photographers and Alan was the only one that  promptly replied back and discussed the job with me. He not only worked within my budget but gave me quality deliverables, exactly as I needed. Would definitely work with again!",business_level
