reviewer,date,rating,product_slug,scope
Jill Bowman,2025-10-28,FIVE,batsford-arboretum-photography-workshops,star_only
Jack Ranger,2025-10-05,FIVE,beginners-photography-course,star_only
Mumbere Nzanzu,2024-09-17,FIVE,secrets-of-woodland-photography-workshop,star_only
Karen Skillings,2021-10-27,FIVE,batsford-arboretum-photography-workshops,star_only
Sarah Carter,2021-10-14,ONE,abstract-and-macro-photography-workshops,star_only
maria iqbal,2021-09-07,FIVE,secrets-of-woodland-photography-workshop,star_only
Anant Bhatia,2025-09-01,FIVE,secrets-of-woodland-photography-workshop,star_only
mahta safarzadeh,2025-08-26,FIVE,,star_only
Kokab Ayesha,2025-08-24,FOUR,,star_only
Raamakrishnan NS,2025-04-30,FIVE,,star_only
Jane Robb,2021-12-25,FIVE,,star_only
Gill Henderson,2021-09-19,FOUR,,star_only
Hermon Mehari,2021-09-19,FIVE,,star_only
Ruby Ranger,2019-12-25,FIVE,,star_only
