reviewer,review_date,new_slug,evidence
Ian McHardy,2026-05-07,2hr-private-photography-classes-2hr,Diane McHardy 2026-03-27 2hr f2f 1-2-1 £120 (household); review describes morning F2F
Andrew Morris,2025-08-24,2hr-private-photography-classes-2hr,pre-review bookings May 2025 = 1hr F2F single; 4x package only booked 2026-10-06 after review
Barbara Bett,2025-05-01,2hr-private-photography-classes-2hr,booking 2025-03-30 BARBARA BETT Warwickshire 2hr F2F £250; review outdoor practical
John Grubb,2025-05-01,2hr-private-photography-classes-2hr,no ledger hit; review describes single landscape session
Ian Burns,2025-03-21,2hr-private-photography-classes-2hr,booking 2025-05-06 1-2-1 Single Session 1hr F2F £50
chris brown,2022-11-10,2hr-private-photography-classes-2hr,no ledger hit; review says single practical 1-2-1 session
Matthew Payton,2022-01-24,four-private-photography-classes,review text: 'block of 4 two hour 1-1 sessions'
Claire Hannis,2021-09-28,2hr-private-photography-classes-2hr,no ledger hit; review describes ongoing sessions → single-session product page
Ash Routen,2020-06-27,2hr-private-photography-classes-2hr,no ledger hit; review: one-to-one tutorial session
