phase,product_slug,product_name,total_matched,emitted,google_in_25,trustpilot_in_25,newest_emitted,oldest_emitted,nat_date_rate
BEFORE,lightroom-courses-for-beginners-coventry,Lightroom Courses for Beginners Photo Editing - Coventry,52,25,15,10,2026-05-27,2019-01-11,0.231
BEFORE,rps-mentoring-photography-course,RPS Courses - Independent RPS Mentoring for RPS Distinctions,12,12,9,3,2026-11-06,2019-02-25,0.083
BEFORE,camera-sensor-clean,Professional Digital DSLR Camera Sensor Clean | Coventry,10,10,6,4,2026-09-22,2016-06-11,0.3
BEFORE,woodland-photography-walk-warwickshire,WARWICKSHIRE Woodland PHOTOGRAPHY WALKS - Monthly - 2hrs,34,25,0,25,2020-02-09,2019-01-09,0.147
BEFORE,four-private-photography-classes,4 x 2hr Private Photography Classes - Face to Face Coventry,10,10,0,10,2019-09-04,2014-10-11,0.5
BEFORE,batsford-arboretum-photography-workshops,BATSFORD Arboretum Autumn Photography Workshops 23 - 31 Oct,89,25,25,0,2025-10-28,2021-02-11,0.472
BEFORE,monthly-pick-n-mix-subscription,Monthly Pick N Mix Subscription | Interest Free Payment Plan,1,1,0,1,2018-04-07,2018-04-07,0.0
BEFORE,bluebell-woodlands-photography-workshops,BLUEBELL WOODLANDS Photography - Warks - 20 Apr - 30 Apr,65,25,24,1,2026-04-30,2019-05-09,0.262
BEFORE,annual-pick-n-mix-subscription,Annual Pick N Mix Subscription | Interest Free Payment Plan,3,3,0,3,2014-11-09,2014-11-09,0.667
BEFORE,quarterly-pick-n-mix-subscription,Quarterly Pick N Mix Subscription | Interest Free Payments,3,3,0,3,,,1.0
BEFORE,beginners-photography-course,Beginners Photography Course | 3 Weekly Evening Classes,149,25,25,0,2026-07-16,2025-03-19,0.423
BEFORE,intermediates-intentions-photography-project-course,Intermediates Intentions Photography Project Course,7,7,2,5,2025-08-24,2015-02-03,0.429
BEFORE,landscape-photography-devon-hartland-quay,DEVON Landscape Photography  Workshops - Various Dates,9,9,5,4,2026-11-09,2019-09-06,0.0
BEFORE,photography-workshops-chesterton-windmill,CHESTERTON WINDMILL Photography Workshops - Warwickshire,7,7,0,7,2019-04-11,2018-04-08,0.571
BEFORE,long-exposure-photography-workshop-fairy-glen,FAIRY GLEN and Fairy Falls Long Exposure Photography,2,2,0,2,2019-08-12,2019-08-12,0.5
BEFORE,photography-workshops-lavender-fields,LAVENDER FIELD Photography Workshop - Glouc or Warks July,7,7,3,4,2026-07-18,2023-08-20,0.571
BEFORE,poppy-fields-photography-workshops,Poppy Fields Photography Workshops | Worcestershire,11,11,0,11,2019-09-06,2019-06-06,0.091
BEFORE,long-exposure-photography-workshops-burnham,BURNHAM ON SEA Long Exposure Photography Workshop 8 May,1,1,0,1,,,1.0
BEFORE,lake-district-photography-workshop,LAKE DISTRICT Photography Workshops - Jan - Mar - Sep - Nov,20,20,10,10,2025-01-10,2018-01-06,0.4
BEFORE,fine-art-photography-prints-canvas,Fine Art Photography Prints - Canvas wrap-round - Multi Size,3,3,0,3,2015-06-06,2014-10-11,0.0
BEFORE,fine-art-photography-prints-unframed,Fine Art Photography Prints - Unframed Prints - Multi Sizes,5,5,0,5,2015-02-12,2014-10-12,0.4
BEFORE,landscape-peak-district-photography-workshops-derbyshire,"PEAK DISTRICT Photography Workshops - May, Oct and Nov",11,11,6,5,2026-05-16,2015-03-09,0.182
BEFORE,framed-fine-art-photography-prints,Framed Fine Art Photography Prints - Multiple Sizes,4,4,1,3,2026-03-24,2015-01-06,0.5
BEFORE,coastal-northumberland-photography-workshops,NORTHUMBERLAND Photography Workshops - Mar 18 - 21,12,12,2,10,2018-10-18,2016-12-01,0.583
BEFORE,landscape-photography-workshops-anglesey,ANGLESEY Landscape Photography Workshop -  May 2027,6,6,1,5,2026-05-20,2019-03-07,0.667
BEFORE,landscape-photography-workshops-nant-mill,NANT MILL Woodlands and Waterfalls Photo Workshop 7 Jun,2,2,0,2,2019-03-05,2019-03-05,0.5
BEFORE,ireland-photography-workshops-dingle,KERRY - Southern Ireland Photography Workshop - Mar 2026,3,3,1,2,2020-04-23,2018-06-02,0.0
BEFORE,landscape-photography-workshop-norfolk,NORFOLK Landscape Photography Workshop  - Coastal 20 - 22 Nov,5,5,0,5,2018-04-12,2018-04-12,0.8
BEFORE,beginners-portrait-photography-course,Beginners Portrait Photography Course - Coventry 11 Oct -25,1,1,0,1,2020-02-06,2020-02-06,0.0
BEFORE,suffolk-landscape-photography-workshops,SUFFOLK Landscape Photography Workshops - 5th-7th Feb,7,7,2,5,2024-09-03,2024-03-26,0.714
BEFORE,abstract-and-macro-photography-workshops,MACRO Photography Workshops Warwickshire - Various,20,20,12,8,2026-11-09,2018-04-05,0.05
BEFORE,north-yorkshire-landscape-photography,NORTH YORKSHIRE Landscape Photography Workshop - Jun 2027,6,6,0,6,2018-04-12,2016-02-05,0.167
BEFORE,christmas-photography-workshops,Christmas Photography Seasonal Workshops - Warwickshire UK,2,2,0,2,,,1.0
BEFORE,yorkshire-dales-photography-workshops,YORKSHIRE DALES Landscape  Photography Workshop - 16 - 18 Apr,6,6,1,5,2026-04-13,2016-01-08,0.5
BEFORE,wales-photography-workshop-pistyll-rhaeadr,WALES Photography Workshop | Lake Vyrnwy 10-11 Oct,4,4,1,3,2020-12-03,2016-09-11,0.5
BEFORE,dorset-landscape-photography-workshop,DORSET Landscape Photography Workshop Purbeck 9 Apr,4,4,0,4,2018-04-03,2018-04-03,0.0
BEFORE,urban-architecture-photography-workshops-coventry,URBAN ARCHITECTURE Photography Workshops - Coventry 9 Sep,12,12,3,9,2026-09-13,2018-04-12,0.5
BEFORE,long-exposure-photography-kenilworth,KENILWORTH Sunset Long Exposure Photography Workshop,17,17,3,14,2026-09-23,2014-11-09,0.412
BEFORE,landscape-photography-snowdonia-workshops,SNOWDONIA Landscape Photography  - Sat 6 - Sun 7 Mar 2027,7,7,1,6,2023-10-29,2018-06-12,0.571
BEFORE,garden-photography-workshop,The Art of GARDEN PHOTOGRAPHY  - Coventry -  May and July,4,4,1,3,2026-12-07,2016-01-08,0.5
BEFORE,landscape-photography-wales-photo-workshop,GOWER Landscape Photography Wales - 28 May - 30 May 2027,1,1,1,0,2023-02-21,2023-02-21,0.0
BEFORE,fireworks-photography-workshop-kenilworth,Fireworks Photography Workshop | Long Exposure | Kenilworth,6,6,1,5,2018-11-09,2014-11-09,0.0
BEFORE,exmoor-photography-workshops-lynmouth,EXMOOR Photography Workshop - Sat 12 - Sun 13 Jun 2027,1,1,0,1,2018-04-07,2018-04-07,0.0
BEFORE,sezincote-garden-photography-workshop,SEZINCOTE Garden Photography Workshop - Gloucs 29 May,2,2,1,1,2026-05-21,2018-04-06,0.0
BEFORE,peak-district-heather-photography-workshop,PEAK DISTRICT HEATHER Photography Workshops - 14-15 Aug,14,14,10,4,2026-05-19,2015-04-08,0.143
BEFORE,secrets-of-woodland-photography-workshop,"The Secret of WOODLAND PHOTOGRAPHY- 1-Day Jan, Apr, Aug, Oct",32,25,25,0,2026-11-01,2021-08-09,0.0
BEFORE,dartmoor-photography-landscape-workshop,DARTMOOR Photography Workshop - Landscapes - 2nd - 4th Apr,2,2,0,2,2016-01-09,2016-01-09,0.5
BEFORE,private-online-photography-classes-zoom,Online Photography Classes 121 - Zoom - Package Options,27,25,16,9,2026-07-19,2018-01-05,0.037
BEFORE,2hr-private-photography-classes-2hr,1 x 2hr Private Photography Classes - Face to Face Coventry,0,0,0,0,,,
BEFORE,photography-gift-vouchers,Photography Gift Vouchers | Digital eCard | Email Delivery,1,1,0,1,2018-04-12,2018-04-12,0.0
BEFORE,black-and-white-photography-course,Professional Black and White Photography Course | Coventry,0,0,0,0,,,
BEFORE,photography-masterclasses-coventry,Photography Masterclasses-Learn and improve your photography,15,15,1,14,2025-06-25,2017-01-11,0.333
BEFORE,photography-mentoring-online-assignments,Photography Mentor Online — Monthly Mentoring,4,4,4,0,2025-09-12,2020-04-24,0.0
BEFORE,free-online-photography-course,Free Online Photography Course,3,3,3,0,2025-08-25,2025-08-24,0.0
AFTER,lightroom-courses-for-beginners-coventry,Lightroom Courses for Beginners Photo Editing - Coventry,52,25,15,10,2026-05-27,2019-01-03,0.231
AFTER,rps-mentoring-photography-course,RPS Courses - Independent RPS Mentoring for RPS Distinctions,12,12,9,3,2026-06-11,2019-02-25,0.083
AFTER,camera-sensor-clean,Professional Digital DSLR Camera Sensor Clean | Coventry,10,10,6,4,2026-09-22,2016-11-06,0.3
AFTER,woodland-photography-walk-warwickshire,WARWICKSHIRE Woodland PHOTOGRAPHY WALKS - Monthly - 2hrs,34,25,0,25,2020-12-01,2019-04-09,0.147
AFTER,four-private-photography-classes,4 x 2hr Private Photography Classes - Face to Face Coventry,11,11,1,10,2022-01-24,2014-11-10,0.455
AFTER,batsford-arboretum-photography-workshops,BATSFORD Arboretum Autumn Photography Workshops 23 - 31 Oct,89,25,25,0,2025-10-28,2021-10-25,0.472
AFTER,monthly-pick-n-mix-subscription,Monthly Pick N Mix Subscription | Interest Free Payment Plan,1,1,0,1,2018-07-04,2018-07-04,0.0
AFTER,bluebell-woodlands-photography-workshops,BLUEBELL WOODLANDS Photography - Warks - 20 Apr - 30 Apr,65,25,24,1,2026-04-30,2019-09-05,0.262
AFTER,annual-pick-n-mix-subscription,Annual Pick N Mix Subscription | Interest Free Payment Plan,3,3,0,3,2014-09-11,2014-09-11,0.667
AFTER,quarterly-pick-n-mix-subscription,Quarterly Pick N Mix Subscription | Interest Free Payments,3,3,0,3,,,1.0
AFTER,beginners-photography-course,Beginners Photography Course | 3 Weekly Evening Classes,149,25,25,0,2026-07-16,2025-03-10,0.423
AFTER,intermediates-intentions-photography-project-course,Intermediates Intentions Photography Project Course,7,7,2,5,2025-08-24,2015-03-02,0.429
AFTER,landscape-photography-devon-hartland-quay,DEVON Landscape Photography  Workshops - Various Dates,9,9,5,4,2026-09-15,2019-06-09,0.0
AFTER,photography-workshops-chesterton-windmill,CHESTERTON WINDMILL Photography Workshops - Warwickshire,7,7,0,7,2019-11-04,2018-05-09,0.571
AFTER,long-exposure-photography-workshop-fairy-glen,FAIRY GLEN and Fairy Falls Long Exposure Photography,2,2,0,2,2019-12-08,2019-12-08,0.5
AFTER,photography-workshops-lavender-fields,LAVENDER FIELD Photography Workshop - Glouc or Warks July,7,7,3,4,2026-07-18,2023-08-20,0.571
AFTER,poppy-fields-photography-workshops,Poppy Fields Photography Workshops | Worcestershire,11,11,0,11,2019-11-06,2019-04-09,0.091
AFTER,long-exposure-photography-workshops-burnham,BURNHAM ON SEA Long Exposure Photography Workshop 8 May,1,1,0,1,,,1.0
AFTER,lake-district-photography-workshop,LAKE DISTRICT Photography Workshops - Jan - Mar - Sep - Nov,20,20,10,10,2025-10-01,2018-06-01,0.4
AFTER,fine-art-photography-prints-canvas,Fine Art Photography Prints - Canvas wrap-round - Multi Size,3,3,0,3,2015-06-06,2014-09-12,0.0
AFTER,fine-art-photography-prints-unframed,Fine Art Photography Prints - Unframed Prints - Multi Sizes,5,5,0,5,2015-12-02,2014-11-12,0.4
AFTER,landscape-peak-district-photography-workshops-derbyshire,"PEAK DISTRICT Photography Workshops - May, Oct and Nov",11,11,6,5,2026-05-16,2015-09-03,0.182
AFTER,framed-fine-art-photography-prints,Framed Fine Art Photography Prints - Multiple Sizes,4,4,1,3,2026-03-24,2015-06-01,0.5
AFTER,coastal-northumberland-photography-workshops,NORTHUMBERLAND Photography Workshops - Mar 18 - 21,12,12,2,10,2018-10-18,2016-01-12,0.583
AFTER,landscape-photography-workshops-anglesey,ANGLESEY Landscape Photography Workshop -  May 2027,6,6,1,5,2026-05-20,2019-07-03,0.667
AFTER,landscape-photography-workshops-nant-mill,NANT MILL Woodlands and Waterfalls Photo Workshop 7 Jun,2,2,0,2,2019-05-03,2019-05-03,0.5
AFTER,ireland-photography-workshops-dingle,KERRY - Southern Ireland Photography Workshop - Mar 2026,3,3,1,2,2020-04-23,2018-02-06,0.0
AFTER,landscape-photography-workshop-norfolk,NORFOLK Landscape Photography Workshop  - Coastal 20 - 22 Nov,5,5,0,5,2018-12-04,2018-12-04,0.8
AFTER,beginners-portrait-photography-course,Beginners Portrait Photography Course - Coventry 11 Oct -25,1,1,0,1,2020-06-02,2020-06-02,0.0
AFTER,suffolk-landscape-photography-workshops,SUFFOLK Landscape Photography Workshops - 5th-7th Feb,7,7,2,5,2024-03-26,2024-03-09,0.714
AFTER,abstract-and-macro-photography-workshops,MACRO Photography Workshops Warwickshire - Various,20,20,12,8,2026-09-11,2018-05-04,0.05
AFTER,north-yorkshire-landscape-photography,NORTH YORKSHIRE Landscape Photography Workshop - Jun 2027,6,6,0,6,2018-12-04,2016-05-02,0.167
AFTER,christmas-photography-workshops,Christmas Photography Seasonal Workshops - Warwickshire UK,2,2,0,2,,,1.0
AFTER,yorkshire-dales-photography-workshops,YORKSHIRE DALES Landscape  Photography Workshop - 16 - 18 Apr,6,6,1,5,2026-04-13,2016-08-01,0.5
AFTER,wales-photography-workshop-pistyll-rhaeadr,WALES Photography Workshop | Lake Vyrnwy 10-11 Oct,4,4,1,3,2020-03-12,2016-11-09,0.5
AFTER,dorset-landscape-photography-workshop,DORSET Landscape Photography Workshop Purbeck 9 Apr,4,4,0,4,2018-03-04,2018-03-04,0.0
AFTER,urban-architecture-photography-workshops-coventry,URBAN ARCHITECTURE Photography Workshops - Coventry 9 Sep,12,12,3,9,2026-09-13,2018-12-04,0.5
AFTER,long-exposure-photography-kenilworth,KENILWORTH Sunset Long Exposure Photography Workshop,17,17,3,14,2026-09-23,2014-09-11,0.412
AFTER,landscape-photography-snowdonia-workshops,SNOWDONIA Landscape Photography  - Sat 6 - Sun 7 Mar 2027,7,7,1,6,2023-10-29,2018-12-06,0.571
AFTER,garden-photography-workshop,The Art of GARDEN PHOTOGRAPHY  - Coventry -  May and July,4,4,1,3,2026-07-12,2016-08-01,0.5
AFTER,landscape-photography-wales-photo-workshop,GOWER Landscape Photography Wales - 28 May - 30 May 2027,1,1,1,0,2023-02-21,2023-02-21,0.0
AFTER,fireworks-photography-workshop-kenilworth,Fireworks Photography Workshop | Long Exposure | Kenilworth,6,6,1,5,2018-09-11,2014-09-11,0.0
AFTER,exmoor-photography-workshops-lynmouth,EXMOOR Photography Workshop - Sat 12 - Sun 13 Jun 2027,1,1,0,1,2018-07-04,2018-07-04,0.0
AFTER,sezincote-garden-photography-workshop,SEZINCOTE Garden Photography Workshop - Gloucs 29 May,2,2,1,1,2026-05-21,2018-06-04,0.0
AFTER,peak-district-heather-photography-workshop,PEAK DISTRICT HEATHER Photography Workshops - 14-15 Aug,14,14,10,4,2026-05-19,2015-05-09,0.143
AFTER,secrets-of-woodland-photography-workshop,"The Secret of WOODLAND PHOTOGRAPHY- 1-Day Jan, Apr, Aug, Oct",32,25,25,0,2026-08-02,2021-09-08,0.0
AFTER,dartmoor-photography-landscape-workshop,DARTMOOR Photography Workshop - Landscapes - 2nd - 4th Apr,2,2,0,2,2016-09-01,2016-09-01,0.5
AFTER,private-online-photography-classes-zoom,Online Photography Classes 121 - Zoom - Package Options,26,25,15,10,2026-07-19,2016-08-01,0.038
AFTER,2hr-private-photography-classes-2hr,1 x 2hr Private Photography Classes - Face to Face Coventry,8,8,8,0,2026-05-07,2020-06-27,0.0
AFTER,photography-gift-vouchers,Photography Gift Vouchers | Digital eCard | Email Delivery,1,1,0,1,2018-12-04,2018-12-04,0.0
AFTER,black-and-white-photography-course,Professional Black and White Photography Course | Coventry,0,0,0,0,,,
AFTER,photography-masterclasses-coventry,Photography Masterclasses-Learn and improve your photography,15,15,1,14,2025-06-25,2017-11-01,0.333
AFTER,photography-mentoring-online-assignments,Photography Mentor Online — Monthly Mentoring,4,4,4,0,2025-12-09,2020-04-11,0.0
AFTER,free-online-photography-course,Free Online Photography Course,3,3,3,0,2025-08-25,2025-08-24,0.0
