url,page_type
https://www.alanranger.com,landing
https://www.alanranger.com/about-alan-ranger,landing
https://www.alanranger.com/academy/login,service
https://www.alanranger.com/awards-and-qualifications,landing
https://www.alanranger.com/batsford-arboretum-photography,landing
https://www.alanranger.com/beginners-photography-classes,service
https://www.alanranger.com/beginners-photography-lessons/camera-courses-for-beginners-coventry-,event
https://www.alanranger.com/beginners-photography-lessons/camera-courses-for-beginners-coventry-2k99k,event
https://www.alanranger.com/beginners-photography-lessons/camera-courses-for-beginners-coventry-2n74k,event
https://www.alanranger.com/beginners-photography-lessons/camera-courses-for-beginners-coventry-2sj27,event
https://www.alanranger.com/beginners-photography-lessons/camera-courses-for-beginners-coventry-3yj3h,event
https://www.alanranger.com/beginners-photography-lessons/camera-courses-for-beginners-coventry-4pp2p,event
https://www.alanranger.com/beginners-photography-lessons/camera-courses-for-beginners-coventry-7breh,event
https://www.alanranger.com/beginners-photography-lessons/camera-courses-for-beginners-coventry-8ar5x,event
https://www.alanranger.com/beginners-photography-lessons/camera-courses-for-beginners-coventry-8s2ka,event
https://www.alanranger.com/beginners-photography-lessons/camera-courses-for-beginners-coventry-bds4t,event
https://www.alanranger.com/beginners-photography-lessons/camera-courses-for-beginners-coventry-be4sb,event
https://www.alanranger.com/beginners-photography-lessons/camera-courses-for-beginners-coventry-dfe,event
https://www.alanranger.com/beginners-photography-lessons/camera-courses-for-beginners-coventry-dg9pz,event
https://www.alanranger.com/beginners-photography-lessons/camera-courses-for-beginners-coventry-dhecf,event
https://www.alanranger.com/beginners-photography-lessons/camera-courses-for-beginners-coventry-hl4tm,event
https://www.alanranger.com/beginners-photography-lessons/camera-courses-for-beginners-coventry-mw83l,event
https://www.alanranger.com/beginners-photography-lessons/camera-courses-for-beginners-coventry-nhjlm,event
https://www.alanranger.com/beginners-photography-lessons/camera-courses-for-beginners-coventry-nzwzx,event
https://www.alanranger.com/beginners-photography-lessons/camera-courses-for-beginners-coventry-oct3,event
https://www.alanranger.com/beginners-photography-lessons/camera-courses-for-beginners-coventry-s2klg,event
https://www.alanranger.com/beginners-photography-lessons/camera-courses-for-beginners-coventry-w5nkt,event
https://www.alanranger.com/beginners-photography-lessons/camera-courses-for-beginners-coventry-wk1,event
https://www.alanranger.com/beginners-photography-lessons/camera-courses-for-beginners-coventry-zbcfe,event
https://www.alanranger.com/beginners-photography-lessons/camera-courses-for-beginners-week-1,event
https://www.alanranger.com/beginners-photography-lessons/camera-courses-for-beginners-week-3,event
https://www.alanranger.com/beginners-photography-lessons/camera-courses-for-beginners-wk2,event
https://www.alanranger.com/beginners-photography-lessons/lightroom-photo-editing-classes-wk1,event
https://www.alanranger.com/beginners-photography-lessons/lightroom-photo-editing-classes-wk1-kdh5k,event
https://www.alanranger.com/beginners-photography-lessons/lightroom-photo-editing-classes-wk2,event
https://www.alanranger.com/beginners-photography-lessons/lightroom-photo-editing-classes-wk2-n8l4l,event
https://www.alanranger.com/beginners-photography-lessons/lightroom-photo-editing-classes-wk2-y3262,event
https://www.alanranger.com/beginners-photography-lessons/lightroom-photo-editing-classes-wk3,event
https://www.alanranger.com/beginners-photography-lessons/lightroom-photo-editing-classes-wk3-7cd64,event
https://www.alanranger.com/beginners-photography-lessons/lightroom-photo-editing-classes-wk3-9b3t3,event
https://www.alanranger.com/beginners-portrait-photography-course,landing
https://www.alanranger.com/bluebell-woods-near-me,landing
https://www.alanranger.com/contact-us-alan-ranger-photography,landing
https://www.alanranger.com/corporate-photography-training,service
https://www.alanranger.com/course-finder-photography-classes-near-me,service
https://www.alanranger.com/data-privacy-policy,landing
https://www.alanranger.com/fine-art-prints,service
https://www.alanranger.com/free-online-photography-course,service
https://www.alanranger.com/free-photography-tips,landing
https://www.alanranger.com/gallery-image-portfolios,landing
https://www.alanranger.com/help-site-map,landing
https://www.alanranger.com/hire-a-professional-photographer-in-coventry,service
https://www.alanranger.com/intentions-course-six-month-photography-project,landing
https://www.alanranger.com/jaguar-land-rover-els,landing
https://www.alanranger.com/landscape-photography-workshops,service
https://www.alanranger.com/my-ethical-policy,landing
https://www.alanranger.com/one-day-landscape-photography-workshops,service
https://www.alanranger.com/outdoor-photography-exposure-calculator,landing
https://www.alanranger.com/photo-editing-course-coventry,service
https://www.alanranger.com/photo-workshops-uk,service
https://www.alanranger.com/photo-workshops-uk/abstract-and-macro-photography-workshops,product
https://www.alanranger.com/photo-workshops-uk/batsford-arboretum-photography-workshops,product
https://www.alanranger.com/photo-workshops-uk/bluebell-woodlands-photography-workshops,product
https://www.alanranger.com/photo-workshops-uk/brandon-marsh-nature-reserve-photography-workshop,product
https://www.alanranger.com/photo-workshops-uk/christmas-photography-workshops,product
https://www.alanranger.com/photo-workshops-uk/coastal-northumberland-photography-workshops,product
https://www.alanranger.com/photo-workshops-uk/cotswolds-landscape-photography-workshop,product
https://www.alanranger.com/photo-workshops-uk/dartmoor-photography-landscape-workshop,product
https://www.alanranger.com/photo-workshops-uk/dorset-landscape-photography-workshop,product
https://www.alanranger.com/photo-workshops-uk/exmoor-photography-workshops-lynmouth,product
https://www.alanranger.com/photo-workshops-uk/fireworks-photography-workshop-kenilworth,product
https://www.alanranger.com/photo-workshops-uk/garden-photography-workshop,product
https://www.alanranger.com/photo-workshops-uk/ireland-photography-workshops-dingle,product
https://www.alanranger.com/photo-workshops-uk/lake-district-photography-workshop,product
https://www.alanranger.com/photo-workshops-uk/landscape-peak-district-photography-workshops-derbyshire,product
https://www.alanranger.com/photo-workshops-uk/landscape-photography-devon-hartland-quay,product
https://www.alanranger.com/photo-workshops-uk/landscape-photography-snowdonia-workshops,product
https://www.alanranger.com/photo-workshops-uk/landscape-photography-wales-photo-workshop,product
https://www.alanranger.com/photo-workshops-uk/landscape-photography-workshop-norfolk,product
https://www.alanranger.com/photo-workshops-uk/landscape-photography-workshops-anglesey,product
https://www.alanranger.com/photo-workshops-uk/landscape-photography-workshops-glencoe,product
https://www.alanranger.com/photo-workshops-uk/landscape-photography-workshops-nant-mill,product
https://www.alanranger.com/photo-workshops-uk/long-exposure-photography-kenilworth,product
https://www.alanranger.com/photo-workshops-uk/long-exposure-photography-workshop-fairy-glen,product
https://www.alanranger.com/photo-workshops-uk/long-exposure-photography-workshops-burnham,product
https://www.alanranger.com/photo-workshops-uk/north-yorkshire-landscape-photography,product
https://www.alanranger.com/photo-workshops-uk/peak-district-heather-photography-workshop,product
https://www.alanranger.com/photo-workshops-uk/photography-workshops-chesterton-windmill,product
https://www.alanranger.com/photo-workshops-uk/photography-workshops-lavender-fields,product
https://www.alanranger.com/photo-workshops-uk/poppy-fields-photography-workshops,product
https://www.alanranger.com/photo-workshops-uk/secrets-of-woodland-photography-workshop,product
https://www.alanranger.com/photo-workshops-uk/sezincote-garden-photography-workshop,product
https://www.alanranger.com/photo-workshops-uk/shropshire-landscape-photography-workshops,product
https://www.alanranger.com/photo-workshops-uk/somerset-landscape-photography-workshops,product
https://www.alanranger.com/photo-workshops-uk/suffolk-landscape-photography-workshops,product
https://www.alanranger.com/photo-workshops-uk/urban-architecture-photography-workshops-coventry,product
https://www.alanranger.com/photo-workshops-uk/wales-photography-workshop-pistyll-rhaeadr,product
https://www.alanranger.com/photo-workshops-uk/woodland-photography-walk-warwickshire,product
https://www.alanranger.com/photo-workshops-uk/yorkshire-dales-photography-workshops,product
https://www.alanranger.com/photographic-workshops-near-me,service
https://www.alanranger.com/photographic-workshops-near-me/abstract-and-macro-photography-workshop,event
https://www.alanranger.com/photographic-workshops-near-me/abstract-and-macro-photography-workshop-coventry,event
https://www.alanranger.com/photographic-workshops-near-me/anglesey-photography-workshop-wales,event
https://www.alanranger.com/photographic-workshops-near-me/batsford-arboretum-autumn-photography-1nov,event
https://www.alanranger.com/photographic-workshops-near-me/batsford-arboretum-autumn-photography-29oct,event
https://www.alanranger.com/photographic-workshops-near-me/batsford-arboretum-autumn-photography-2nov,event
https://www.alanranger.com/photographic-workshops-near-me/batsford-arboretum-autumn-photography-30oct,event
https://www.alanranger.com/photographic-workshops-near-me/batsford-arboretum-autumn-photography-31oct,event
https://www.alanranger.com/photographic-workshops-near-me/batsford-arboretum-autumn-photography-3nov,event
https://www.alanranger.com/photographic-workshops-near-me/bluebell-photography-photo-workshop-warwickshire-17,event
https://www.alanranger.com/photographic-workshops-near-me/bluebell-photography-photo-workshop-warwickshire-18,event
https://www.alanranger.com/photographic-workshops-near-me/bluebell-photography-photo-workshop-warwickshire-19,event
https://www.alanranger.com/photographic-workshops-near-me/bluebell-photography-photo-workshop-warwickshire-20,event
https://www.alanranger.com/photographic-workshops-near-me/bluebell-photography-photo-workshop-warwickshire-21,event
https://www.alanranger.com/photographic-workshops-near-me/bluebell-photography-photo-workshop-warwickshire-22,event
https://www.alanranger.com/photographic-workshops-near-me/bluebell-photography-photo-workshop-warwickshire-23,event
https://www.alanranger.com/photographic-workshops-near-me/bluebell-photography-photo-workshop-warwickshire-24,event
https://www.alanranger.com/photographic-workshops-near-me/bluebell-photography-photo-workshop-warwickshire-25,event
https://www.alanranger.com/photographic-workshops-near-me/bluebell-photography-photo-workshop-warwickshire-29,event
https://www.alanranger.com/photographic-workshops-near-me/bluebell-photography-photo-workshop-warwickshire-30,event
https://www.alanranger.com/photographic-workshops-near-me/dartmoor-photography-workshop-woodlands,event
https://www.alanranger.com/photographic-workshops-near-me/dorset-photography-workshop,event
https://www.alanranger.com/photographic-workshops-near-me/exmoor-photography-workshops-seascapes-lynmouth,event
https://www.alanranger.com/photographic-workshops-near-me/fairy-glen-betws-y-coed-photography,event
https://www.alanranger.com/photographic-workshops-near-me/fairy-glen-photography-betws-y-coed,event
https://www.alanranger.com/photographic-workshops-near-me/fairy-glen-photography-wales,event
https://www.alanranger.com/photographic-workshops-near-me/garden-photography-workshop,event
https://www.alanranger.com/photographic-workshops-near-me/garden-photography-workshop-mxyms,event
https://www.alanranger.com/photographic-workshops-near-me/hartland-quay-photography-devon-seascapes,event
https://www.alanranger.com/photographic-workshops-near-me/lake-district-photography-workshop-autumn,event
https://www.alanranger.com/photographic-workshops-near-me/lake-district-photography-workshop-late-summer,event
https://www.alanranger.com/photographic-workshops-near-me/lake-district-photography-workshop-spring,event
https://www.alanranger.com/photographic-workshops-near-me/lake-district-photography-workshop-winter,event
https://www.alanranger.com/photographic-workshops-near-me/landscape-photography-snowdonia-workshop,event
https://www.alanranger.com/photographic-workshops-near-me/landscape-photography-wales-gower-peninsular,event
https://www.alanranger.com/photographic-workshops-near-me/landscape-photography-workshops-yorkshire,event
https://www.alanranger.com/photographic-workshops-near-me/lavender-photography-workshop-sunset,event
https://www.alanranger.com/photographic-workshops-near-me/lavender-photography-workshop-sunset-19,event
https://www.alanranger.com/photographic-workshops-near-me/long-exposure-photo-workshop-sunset-kenilworth,event
https://www.alanranger.com/photographic-workshops-near-me/long-exposure-photography-burnham-on-sea,event
https://www.alanranger.com/photographic-workshops-near-me/long-exposure-photography-workshop-kenilworth1,event
https://www.alanranger.com/photographic-workshops-near-me/long-exposure-photography-workshop-kenilworth2,event
https://www.alanranger.com/photographic-workshops-near-me/long-exposure-photography-workshop-kenilworth4,event
https://www.alanranger.com/photographic-workshops-near-me/norfolk-photography-workshop,event
https://www.alanranger.com/photographic-workshops-near-me/northumberland-landscape-photography-workshop,event
https://www.alanranger.com/photographic-workshops-near-me/peak-district-photography-workshops-autumn,event
https://www.alanranger.com/photographic-workshops-near-me/peak-district-photography-workshops-autumn-2,event
https://www.alanranger.com/photographic-workshops-near-me/peak-district-photography-workshops-heathers-sunrise,event
https://www.alanranger.com/photographic-workshops-near-me/peak-district-photography-workshops-heathers-sunset,event
https://www.alanranger.com/photographic-workshops-near-me/peak-district-photography-workshops-spring,event
https://www.alanranger.com/photographic-workshops-near-me/peak-district-photography-workshops-winter,event
https://www.alanranger.com/photographic-workshops-near-me/secrets-of-woodland-photography-masterclass-autumn,event
https://www.alanranger.com/photographic-workshops-near-me/secrets-of-woodland-photography-masterclass-spring,event
https://www.alanranger.com/photographic-workshops-near-me/secrets-of-woodland-photography-masterclass-summer,event
https://www.alanranger.com/photographic-workshops-near-me/secrets-of-woodland-photography-masterclass-winter,event
https://www.alanranger.com/photographic-workshops-near-me/sezincote-garden-photography-workshop,event
https://www.alanranger.com/photographic-workshops-near-me/suffolk-landscape-photography-workshop,event
https://www.alanranger.com/photographic-workshops-near-me/sunset-chesterton-windmill-photography-workshop,event
https://www.alanranger.com/photographic-workshops-near-me/sunset-chesterton-windmill-spring,event
https://www.alanranger.com/photographic-workshops-near-me/sunset-chesterton-windmill-spring-7gw7j,event
https://www.alanranger.com/photographic-workshops-near-me/sunset-chesterton-windmill-spring-7gw7j-9akd5,event
https://www.alanranger.com/photographic-workshops-near-me/urban-architecture-photography-workshop-coventry,event
https://www.alanranger.com/photographic-workshops-near-me/wales-photography-workshop-vyrnwy-pistyll-rhaeadr,event
https://www.alanranger.com/photographic-workshops-near-me/woodland-photography-walk-coventry-piles-coppice,event
https://www.alanranger.com/photographic-workshops-near-me/yorkshire-dales-photography-workshop,event
https://www.alanranger.com/photography-courses-coventry,service
https://www.alanranger.com/photography-equipment-recommendations,landing
https://www.alanranger.com/photography-gift-vouchers,service
https://www.alanranger.com/photography-lessons-online-121,service
https://www.alanranger.com/photography-masterclasses-online,service
https://www.alanranger.com/photography-mentoring-online-assignments,service
https://www.alanranger.com/photography-news-blog,landing
https://www.alanranger.com/photography-payment-plan,service
https://www.alanranger.com/photography-presents-for-photographers,landing
https://www.alanranger.com/photography-services-near-me/02-top-10-tips-to-make-a-photograph,product
https://www.alanranger.com/photography-services-near-me/04-top-10-tips-to-better-composition,product
https://www.alanranger.com/photography-services-near-me/05-top-10-tips-to-better-portraits,product
https://www.alanranger.com/photography-services-near-me/06-top-10-tips-to-better-landscapes,product
https://www.alanranger.com/photography-services-near-me/07-top-10-tips-to-better-bw-photos,product
https://www.alanranger.com/photography-services-near-me/annual-pick-n-mix-subscription,product
https://www.alanranger.com/photography-services-near-me/beginners-photography-classes-coventry,product
https://www.alanranger.com/photography-services-near-me/beginners-photography-course,product
https://www.alanranger.com/photography-services-near-me/beginners-portrait-photography-course,product
https://www.alanranger.com/photography-services-near-me/black-and-white-photography-course,product
https://www.alanranger.com/photography-services-near-me/calendar-2022,product
https://www.alanranger.com/photography-services-near-me/camera-sensor-clean,product
https://www.alanranger.com/photography-services-near-me/camera-settings-photography-field-checklists,product
https://www.alanranger.com/photography-services-near-me/composition-settings-photography-field-checklists,product
https://www.alanranger.com/photography-services-near-me/composition-viewing-frames,product
https://www.alanranger.com/photography-services-near-me/fine-art-photography-prints-canvas,product
https://www.alanranger.com/photography-services-near-me/fine-art-photography-prints-unframed,product
https://www.alanranger.com/photography-services-near-me/foundation-digital-pack-plus,product
https://www.alanranger.com/photography-services-near-me/four-private-photography-classes,product
https://www.alanranger.com/photography-services-near-me/framed-fine-art-photography-prints,product
https://www.alanranger.com/photography-services-near-me/intermediates-intentions-photography-project-course,product
https://www.alanranger.com/photography-services-near-me/intermediates-lightroom-photography-course,product
https://www.alanranger.com/photography-services-near-me/lightroom-courses-for-beginners-coventry,product
https://www.alanranger.com/photography-services-near-me/monthly-online-photography-mentoring,product
https://www.alanranger.com/photography-services-near-me/monthly-online-photography-mentoring-one-year,product
https://www.alanranger.com/photography-services-near-me/monthly-pick-n-mix-subscription,product
https://www.alanranger.com/photography-services-near-me/photo-print-preparation-service-30min,product
https://www.alanranger.com/photography-services-near-me/photography-35bundle-photography-field-checklists,product
https://www.alanranger.com/photography-services-near-me/photography-foundation-course-ebook,product
https://www.alanranger.com/photography-services-near-me/photography-genre-photography-field-checklists,product
https://www.alanranger.com/photography-services-near-me/photography-gift-vouchers,product
https://www.alanranger.com/photography-services-near-me/photography-masterclasses-coventry,product
https://www.alanranger.com/photography-services-near-me/photography-tips-pocket-guide-series,product
https://www.alanranger.com/photography-services-near-me/print,product
https://www.alanranger.com/photography-services-near-me/private-online-photography-classes-zoom,product
https://www.alanranger.com/photography-services-near-me/quarterly-pick-n-mix-subscription,product
https://www.alanranger.com/photography-services-near-me/rps-mentoring-photography-course,product
https://www.alanranger.com/photography-shop-services,service
https://www.alanranger.com/photography-special-offers,landing
https://www.alanranger.com/photography-tuition-services,service
https://www.alanranger.com/photography-workshops,service
https://www.alanranger.com/photography-workshops-near-me,service
https://www.alanranger.com/private-photography-lessons,service
https://www.alanranger.com/professional-commercial-photographer-coventry,service
https://www.alanranger.com/professional-photographer-near-me,service
https://www.alanranger.com/rps-courses-mentoring-distinctions,service
https://www.alanranger.com/schedule-an-appointment,landing
https://www.alanranger.com/testimonials-customer-reviews,landing
https://www.alanranger.com/which-photography-style-is-right-for-you,landing
